decision	path	reason_or_classification	mode	oid
SELECT	CONTRIBUTING.md	policy-exact	100644	8ab75bc21edccc99664c0932f3ab2a62a8d2da1a
SELECT	Cargo.lock	policy-exact	100644	365551c0aa27bd363de09fcb18e47548c47ac524
SELECT	Cargo.toml	policy-exact	100644	22bdc8374aaefdf246ef7a6f8b6e6c0c632eb48f
SELECT	LICENSE	policy-exact	100644	d645695673349e3947e8e5ae42332d0ac3164cd7
SELECT	SECURITY.md	policy-exact	100644	e51e7408f8aa8decc7a231e1634fca1079363c84
SELECT	cmd/activation-promotion/main.go	policy-prefix:cmd/	100644	d53331fc64d8bd584d0474e9b5a877cf96fd5453
SELECT	cmd/alert-case-api/main.go	policy-prefix:cmd/	100644	52be016fa004bcea7d045f42422a835bf4aa4a53
SELECT	cmd/alert-case/main.go	policy-prefix:cmd/	100644	f30eab29d338544f9cebb2598566ef411862043f
SELECT	cmd/alert-list-mapping/main.go	policy-prefix:cmd/	100644	1f5abb9485e4972b7f01deb095ba71f023593a58
SELECT	cmd/analyst-note/main.go	policy-prefix:cmd/	100644	bacf8a3fd86167e6ba936e88984f54515950d04b
SELECT	cmd/candidate-score/main.go	policy-prefix:cmd/	100644	033a1a609f72e776254399f0f081eef3762ead3b
SELECT	cmd/case-assistance-api/main.go	policy-prefix:cmd/	100644	df9b0b96be8163c4c782d3f504a6fdaf66dff7a8
SELECT	cmd/case-assistance/main.go	policy-prefix:cmd/	100644	318af2888b9d9d79fd6cb65edf953d57787851ba
SELECT	cmd/catalog-refresh/main.go	policy-prefix:cmd/	100644	4dce0e657a7d5c02d10516423c09873ae65f011b
SELECT	cmd/catalog-registry/main.go	policy-prefix:cmd/	100644	d10ce79a806d0959510e38574bda50882ae0d438
SELECT	cmd/container-healthcheck/main.go	policy-prefix:cmd/	100644	407a4fe04b9d6d56ace634d172664ef615ce6e7a
SELECT	cmd/false-positive-classify/main.go	policy-prefix:cmd/	100644	b38a890498c845eb6304b90736abe725c1506b65
SELECT	cmd/iso20022-family/main.go	policy-prefix:cmd/	100644	04ae5979e9fdc0bc34e6d87987563c82db1584ad
SELECT	cmd/iso20022-inspect/main.go	policy-prefix:cmd/	100644	658a044525a6822514c1119d181f0a61de1febe2
SELECT	cmd/live-catalog-sync/main.go	policy-prefix:cmd/	100644	f54ff299e23dfc0e364de810b0299510dd218799
SELECT	cmd/live-catalog-sync/main_test.go	policy-prefix:cmd/	100644	bc44eda9d3d0bbb118893329caf2cd80f3c5b862
SELECT	cmd/matcher-project/main.go	policy-prefix:cmd/	100644	df9c1c3c93972bcadf6d9890b7bd27597e404e94
SELECT	cmd/matcher-run/main.go	policy-prefix:cmd/	100644	65150d04c8419e171682334ef65975df423e8d36
SELECT	cmd/ofac-ingest/main.go	policy-prefix:cmd/	100644	da6ec9b78f7d809bd33e0d301654b9e25c904e5e
SELECT	cmd/ofac-runtime/main.go	policy-prefix:cmd/	100644	4c21691c83be69bcbf83a75c4a49e24695132d7d
SELECT	cmd/platform-api/main.go	policy-prefix:cmd/	100644	db299fce0d33b56e3995a6a8b3e0f207b65f21ae
SELECT	cmd/platform-ops/main.go	policy-prefix:cmd/	100644	791bf48ee0a084075ee41ef0e93d17c47ccbd40f
SELECT	cmd/policy-evaluate/main.go	policy-prefix:cmd/	100644	6f4f9f92574834805d12c27b3554d5cdab59d0ad
SELECT	cmd/projection-package/main.go	policy-prefix:cmd/	100644	1504ebf33acdb6c74338e1a922cedac40a0191e7
SELECT	cmd/provider-catalog/main.go	policy-prefix:cmd/	100644	f316ac8c3df1550f88c82bd692fd66d178c33052
SELECT	cmd/provider-refresh/main.go	policy-prefix:cmd/	100644	d49346503e8cf4f4c9114be7ee3c929dab12b42a
SELECT	cmd/rag-corpus/main.go	policy-prefix:cmd/	100644	88faaa83ceb232b7f9e92d2a125301c78dd2ca78
SELECT	cmd/rag-index/main.go	policy-prefix:cmd/	100644	5f8e3a4402bea607bea57fc82a36897052e19a6c
SELECT	cmd/rag-query/main.go	policy-prefix:cmd/	100644	9aec6ce9f71e9ea2f342122da1b9535328f29033
SELECT	cmd/release-artifact/main.go	policy-prefix:cmd/	100644	2824b332ef3c5ad0862153f82f8b3e6ad99d55e7
SELECT	cmd/release-benchmark/main.go	policy-prefix:cmd/	100644	a80f13891727bba54a0b56ed4caa303482e031ff
SELECT	cmd/release-config/main.go	policy-prefix:cmd/	100644	3d3bae914779f20fd0258a1196d2ce4bf59fa114
SELECT	cmd/release-qualification/main.go	policy-prefix:cmd/	100644	e1f17ba538190ecc926040a71a0f9365eec49895
SELECT	cmd/review-console-api/main.go	policy-prefix:cmd/	100644	5557aace99f60b8acb6d9bffe159b78d6d9dd95f
SELECT	cmd/review-console/main.go	policy-prefix:cmd/	100644	8790d33d5c37dadb3ff600652fbb72343f19d4a0
SELECT	cmd/review-run/main.go	policy-prefix:cmd/	100644	248afca37c3c402ab1a1765aec86236900e07e06
SELECT	cmd/runtime-catalog-input/main.go	policy-prefix:cmd/	100644	b961a525c583b6966f45aa3839881a43b32a6936
SELECT	cmd/scoring-activation/main.go	policy-prefix:cmd/	100644	f40177a36e8d69e57d4fad276eb1c6ec7db572b7
SELECT	cmd/screening-api-v8d/main.go	policy-prefix:cmd/	100644	b6092e7393e3399eeeb082882f0db35196813510
SELECT	cmd/screening-api-v8e/main.go	policy-prefix:cmd/	100644	9e7053375ef33a4298fe3c7a8483c493239b4cb8
SELECT	cmd/screening-api-v8f/main.go	policy-prefix:cmd/	100644	c6bdad3a120fffc64f84cd2701e3f9a53269bf11
SELECT	cmd/screening-api-v8g/main.go	policy-prefix:cmd/	100644	d79f1551c3eaf51e55fcf39fd165b9bf8083ea35
SELECT	cmd/screening-api/main.go	policy-prefix:cmd/	100644	cc623471cd78a848e92448bd4fbc43e8666615ca
SELECT	cmd/screening-ledger/main.go	policy-prefix:cmd/	100644	e5dc67524731bae4f34736a0cb58a582a23e64ab
SELECT	cmd/update-manager/main.go	policy-prefix:cmd/	100644	3b125caee971a0e34fe80bdf108c43501abd73d8
SELECT	cmd/vendor-adapter-api/main.go	policy-prefix:cmd/	100644	5072a68af16f6614357458c7ae46e440ea9599b5
SELECT	cmd/vendor-adapter/main.go	policy-prefix:cmd/	100644	b7329d27ad8f944a7aa14f8f061547659eb7cbd0
SELECT	configs/activation-promotion/phase8f-example.json	policy-prefix:configs/	100644	a08c62c225bb2191fe29b77ed456c8f2f0f62bef
SELECT	configs/alert-case/phase9ab-example.json	policy-prefix:configs/	100644	f668f56e181e409c8725e0786cdbf18df97b3e09
SELECT	configs/case-assistance/phase9c-example.json	policy-prefix:configs/	100644	a296aa6c77491a2c4fd3333a4a5ac5334333eb6c
SELECT	configs/evaluation/phase10-release-gates-r1.json	policy-prefix:configs/	100644	417c8141d18b17a30dd8b43129db96dced6ac572
SELECT	configs/false-positive-patterns/baseline-r1.json	policy-prefix:configs/	100644	5782ce322ba97cbaf7d1bed8b11572e55fd68734
SELECT	configs/false-positive-patterns/countervailing-evidence-r1.json	policy-prefix:configs/	100644	22d2528b7b1ad60be976bf36ea71be2ad51dc3ec
SELECT	configs/iso20022/family-matrix-r1.json	policy-prefix:configs/	100644	f7784e8ce4959cce4bf621a46c80d76ebf356167
SELECT	configs/matcher-profiles/ofac-context-baseline-r1.json	policy-prefix:configs/	100644	bc67904e36eae740c62aaf7244e774e77ad75236
SELECT	configs/matcher-profiles/ofac-name-baseline-r1.json	policy-prefix:configs/	100644	38a6397962075435f6e009c99fb495a3d774ef6e
SELECT	configs/models/granite-analyst-note-r1.json	policy-prefix:configs/	100644	37953919e8766da131b308ba50643b4b0dfa9782
SELECT	configs/policies/tenant-overlays/conservative-review-r1.yaml	policy-prefix:configs/	100644	63e876e087722183fe36db6c3b6b5d3f54bd33e3
SELECT	configs/policies/transaction-screening-r1.yaml	policy-prefix:configs/	100644	d87fe3cad0b9905e758924408246fc9ffd62ff1b
SELECT	configs/production/phase9g-example.json	policy-prefix:configs/	100644	adbb48c5198f51786ca99b56718ffd7c966b640a
SELECT	configs/production/phase9g-production.example.json	policy-prefix:configs/	100644	a3167a214fac78e543392cf65f74a74e90c8742f
SELECT	configs/production/review-console-production.example.json	policy-prefix:configs/	100644	7d565a7ba979a7038e88f49cc13c117873fa5268
SELECT	configs/production/tenant-quotas-r1.json	policy-prefix:configs/	100644	4bbc85a506b340c7c1079474d0ef0defad03519d
SELECT	configs/providers/hybrid-overlay-r1.json	policy-prefix:configs/	100644	e478bb8337372aeeb632e71243d2adf75002e47e
SELECT	configs/rag/retrieval-policy-r1.json	policy-prefix:configs/	100644	5d1e041ccbb5e1e8a62d4e491d3a635c452d69b8
SELECT	configs/release/alert-policy.json	policy-prefix:configs/	100644	5d36e0a31ea05b715e984aebd28b66a6b4c3de3b
SELECT	configs/release/corpus-snapshot.json	policy-prefix:configs/	100644	146c16280023da69cfb8b1c25759073c8ed7cfd9
SELECT	configs/release/identity-registry.json	policy-prefix:configs/	100644	dc77afd4e3b02e2a48ddbaacbe8ee973022d6e44
SELECT	configs/release/platform-runtime.json	policy-prefix:configs/	100644	388e690fb54e8c3a7a9e12f95726624b9a069f99
SELECT	configs/release/review-console.json	policy-prefix:configs/	100644	333cb8365e73367ec6217926dcf1ca007ef207d1
SELECT	configs/release/tenant-quotas.json	policy-prefix:configs/	100644	65ff392abc828ccdc1152d8194eb2c4dd29e5ad5
SELECT	configs/review-console/identity-registry-r1.json	policy-prefix:configs/	100644	dc77afd4e3b02e2a48ddbaacbe8ee973022d6e44
SELECT	configs/review-console/phase9f-example.json	policy-prefix:configs/	100644	176487e305a026bc455cce94868de8bdda198310
SELECT	configs/scoring-activation/phase8e-example.json	policy-prefix:configs/	100644	9391e8811daffb339b7c7966957cbb51ac5b9a52
SELECT	configs/scoring/candidate-scoring-r1.json	policy-prefix:configs/	100644	60459ce4eb6ef14df96d6161f9b4ecaa92318911
SELECT	configs/screening-api/example.json	policy-prefix:configs/	100644	aa625487679e26f87ae8de94e8b08cf6db7df777
SELECT	configs/screening-api/phase8d-example.json	policy-prefix:configs/	100644	69f6f08a758e3e71a2678fa12b7edbd2c7e347dd
SELECT	configs/screening-ledger/phase8g-example.json	policy-prefix:configs/	100644	021833daeab2d42111e6b75eb25d6f7f772d71c0
SELECT	configs/screening-plans/iso20022-pacs008-cbprplus-v1.json	policy-prefix:configs/	100644	a1ae53c40d57ee51fe61576b63e6c821297dc08a
SELECT	configs/vendor-adapters/actimize-reference-json-v1.json	policy-prefix:configs/	100644	f06da36c72b3016ddcc5296af7fac66b1b1854f3
SELECT	configs/vendor-adapters/fircosoft-reference-json-v1.json	policy-prefix:configs/	100644	d7bcb8d2c09ee8582b4371e1ece83c0c84f54ba2
SELECT	configs/vendor-adapters/generic-json-v1.json	policy-prefix:configs/	100644	44f34215b2501c1a53763818ea40a0b77b8d05b7
SELECT	configs/vendor-adapters/phase9e-api-example.json	policy-prefix:configs/	100644	5ab37f8975fa0ad8de910ee4d28c54b2ecc30b8a
SELECT	db/migrations/008g_screening_ledger.sql	policy-prefix:db/migrations/	100644	f72a13a3ff06e662fee49778beb33562d77183a5
SELECT	db/migrations/009ab_alert_case_management.sql	policy-prefix:db/migrations/	100644	435b37072d65e4142414726b709432132f955937
SELECT	db/migrations/009c_governed_rag_ai_assistance.sql	policy-prefix:db/migrations/	100644	b3138360b9465e95a8bdf35b6b692db2a9bef955
SELECT	db/migrations/009e_vendor_adapter_ingress.sql	policy-prefix:db/migrations/	100644	0fbb9a2143dba07f2fa28073cd2563e507d3e98a
SELECT	db/migrations/009f_review_console_auth_rbac.sql	policy-prefix:db/migrations/	100644	92a3853474680361ed87a85fa4d03147b10e2004
SELECT	db/migrations/009g_production_hardening.sql	policy-prefix:db/migrations/	100644	0943d2b3b1545fa83ef31d2db0c3bc59cdb5f278
SELECT	db/migrations/010_release_qualification.sql	policy-prefix:db/migrations/	100644	4dcee2f5fcb21821f2848a6bdfd94cf258b31d49
SELECT	db/migrations/011_open_source_release.sql	policy-prefix:db/migrations/	100644	c99330f50b8b0c60bb4354d9f54db104fdc54370
SELECT	go.mod	policy-exact	100644	1d4d693813b8997179f40400dcc71c45cf92ea7f
SELECT	internal/activationpromotion/audit.go	policy-prefix:internal/	100644	314f38011220589025f76bcb9e99442d2ee45f2c
SELECT	internal/activationpromotion/io.go	policy-prefix:internal/	100644	05cf877d71a0993cdcfecc16ff1dbd57b2de0b90
SELECT	internal/activationpromotion/manager.go	policy-prefix:internal/	100644	157d8c21379ebd7cd7339b89105a24058e31fbc4
SELECT	internal/activationpromotion/manager_test.go	policy-prefix:internal/	100644	14b7d78ac6395b8d622f10004e86d48337146eaf
SELECT	internal/activationpromotion/shadow.go	policy-prefix:internal/	100644	d26720c086539f8da09927f5be91c273f1898572
SELECT	internal/activationpromotion/types.go	policy-prefix:internal/	100644	6e1fd82252697a448e363181e6a2337b51feb751
SELECT	internal/adapters/iso20022/detect.go	policy-prefix:internal/	100644	a9803cb7cfbd24e81b60c6dc73653eb60b1b98fe
SELECT	internal/adapters/iso20022/errors.go	policy-prefix:internal/	100644	ad49d34190046c57dbe2c92df7210140e7e52764
SELECT	internal/adapters/iso20022/model_pacs008.go	policy-prefix:internal/	100644	104e86db6ddfc4365f3a9423b119b1914a5e52d2
SELECT	internal/adapters/iso20022/parser.go	policy-prefix:internal/	100644	0b011ee74d87c43b77d0beefebe5f060ed463ba3
SELECT	internal/adapters/iso20022/parser_test.go	policy-prefix:internal/	100644	b3897764c5146bb47555376d90efbbbe8158ee9d
SELECT	internal/alertcase/canonical.go	policy-prefix:internal/	100644	5240571b7b8ae7e68bbb0b2a45f636f1d636fb5f
SELECT	internal/alertcase/policy.go	policy-prefix:internal/	100644	a9bc8ed9ec7e01d8ed862c450e6d724644a0e83e
SELECT	internal/alertcase/postgres.go	policy-prefix:internal/	100644	b517162c2a3a183edcaf8d8eec5f33a2ed17fc48
SELECT	internal/alertcase/store.go	policy-prefix:internal/	100644	ccc07e86c06e0cdfa5f8cac5b6e29dbc0a925b0b
SELECT	internal/alertcase/store_test.go	policy-prefix:internal/	100644	96c61b0e11ede87e5f773a95bc8b198477fe986d
SELECT	internal/alertcase/types.go	policy-prefix:internal/	100644	d25343874d2c949e5db2d2970e0404728fdf187b
SELECT	internal/alertcaseapi/config.go	policy-prefix:internal/	100644	649bea11d6806bfdf2d12d05880c7472bac5e97d
SELECT	internal/alertcaseapi/server.go	policy-prefix:internal/	100644	4d9f8ea3cc5f698ba832c374ace451c46e22affe
SELECT	internal/alertcaseapi/server_test.go	policy-prefix:internal/	100644	795468ea7fef8121dc4daf840a8ae786163aea7b
SELECT	internal/alertlistmapping/build.go	policy-prefix:internal/	100644	d08a0674b3cbeaebf1663620ac2335a827cec9ed
SELECT	internal/alertlistmapping/id.go	policy-prefix:internal/	100644	b4aa2c1ac68ab53d9a446b9164158ce47c725e68
SELECT	internal/alertlistmapping/mapping_test.go	policy-prefix:internal/	100644	5fd13fded8f696df4097d75aad10e7cd0b51b1ce
SELECT	internal/alertlistmapping/migrations/0002_alert_list_mapping.sql	policy-prefix:internal/	100644	071a03efb063b22cdcfc7a51d20bdf3bf7c3e944
SELECT	internal/alertlistmapping/postgres.go	policy-prefix:internal/	100644	1ff399e7490af691ed00065fa586fa60f0a85955
SELECT	internal/alertlistmapping/resolve.go	policy-prefix:internal/	100644	90ce9e0243404de6f4676dbd5ea4042acb38fd0e
SELECT	internal/alertlistmapping/store.go	policy-prefix:internal/	100644	8704ebe311c697b3e357ca1a888ebb005512eab8
SELECT	internal/alertlistmapping/types.go	policy-prefix:internal/	100644	8d3ac5195c55bba7c13add258e9e33826ef48626
SELECT	internal/alertlistmapping/validate.go	policy-prefix:internal/	100644	3b06d15c6315d24f0d1fa6155aced7374e53bd14
SELECT	internal/analystnote/analystnote_test.go	policy-prefix:internal/	100644	47d6501af53b1b3e57cd2a87c8d849de82dfbf61
SELECT	internal/analystnote/generate.go	policy-prefix:internal/	100644	5a6e4d44b1800d8e569cbeba07aee2fe17188147
SELECT	internal/analystnote/id.go	policy-prefix:internal/	100644	ba716bb8c9469d3e2a5f7e91d66513cd4df5ab2c
SELECT	internal/analystnote/load.go	policy-prefix:internal/	100644	8219fc9589a66608ad5120c9c65d6046e9015261
SELECT	internal/analystnote/prompt.go	policy-prefix:internal/	100644	c65436ffce92ef58c59aac38622a4799869a8842
SELECT	internal/analystnote/provider_fixture.go	policy-prefix:internal/	100644	19a7112e5977f3efca036827fa46e466c5922842
SELECT	internal/analystnote/provider_ollama.go	policy-prefix:internal/	100644	9e63fd93beb7878d1ea0e621cc2b89dff3c744cf
SELECT	internal/analystnote/types.go	policy-prefix:internal/	100644	c450a1d1bbcbb4a029d9af4aff904689905ca3ea
SELECT	internal/assistanceapi/config.go	policy-prefix:internal/	100644	5bfeb5a790e72ed5ff1046941bc1c7f569ecb322
SELECT	internal/assistanceapi/server.go	policy-prefix:internal/	100644	6e04a31ce4cc5170da51a4f7c571991f8fb552af
SELECT	internal/assistanceapi/server_test.go	policy-prefix:internal/	100644	bdbe0e133242df033c146e399603d52fbd8c4e4b
SELECT	internal/assistancerag/canonical.go	policy-prefix:internal/	100644	0462638dc08c43e64d12a5418b82a23aaf542a0c
SELECT	internal/assistancerag/corpus.go	policy-prefix:internal/	100644	b5a24f9e66d8dcdfcdacfccae8b0f3ada4ef2612
SELECT	internal/assistancerag/model.go	policy-prefix:internal/	100644	19ccf865b47718e9e93d4436dffc0f002290dbde
SELECT	internal/assistancerag/postgres.go	policy-prefix:internal/	100644	497e884304c648b0d18dddec3bf12de71ad0ffc7
SELECT	internal/assistancerag/store.go	policy-prefix:internal/	100644	a6a0c8febcd665208971b687843c6239a5d9afae
SELECT	internal/assistancerag/store_test.go	policy-prefix:internal/	100644	0d8d1944e8783b4b0a573130a16ebc6c922d4e85
SELECT	internal/assistancerag/types.go	policy-prefix:internal/	100644	d711a8085828626f18813e3f2e404560168f94e1
SELECT	internal/candidatescoring/engine.go	policy-prefix:internal/	100644	21ec48ba80548187e944ae097cc18ed2f1a3a964
SELECT	internal/candidatescoring/engine_test.go	policy-prefix:internal/	100644	2c13535d005c2bc7b3618262a124fb0cbe2bf3a8
SELECT	internal/candidatescoring/normalize.go	policy-prefix:internal/	100644	d5e57bc5bfe6feee1238bd6e5392b95608c3c96a
SELECT	internal/candidatescoring/policy.go	policy-prefix:internal/	100644	919a23fc9cb60c418062a03652a1fad4fd4b1fe1
SELECT	internal/candidatescoring/types.go	policy-prefix:internal/	100644	490f251e615f86886567dcbf559f886535caba91
SELECT	internal/canonical/id.go	policy-prefix:internal/	100644	ae6ae1e1c5ee6e1a5ea49c59a89a56358500ac9b
SELECT	internal/canonical/id_test.go	policy-prefix:internal/	100644	8131768d33e01d895f5c494dd5e73a9bcd043402
SELECT	internal/canonical/types.go	policy-prefix:internal/	100644	e66c3b97ff29a3bb07faf4de0ba5ce1d9d2228b9
SELECT	internal/canonical/validate.go	policy-prefix:internal/	100644	0c6d1432834c7e48efcb279ce9815e4a2706f832
SELECT	internal/catalogrefresh/delta.go	policy-prefix:internal/	100644	23dedfe7270cc9df0cc3c73271f38c5925936742
SELECT	internal/catalogrefresh/diff.go	policy-prefix:internal/	100644	18a1df57e33c53b6025a4cb5759c74ab3e4a01b1
SELECT	internal/catalogrefresh/id.go	policy-prefix:internal/	100644	d3ecf7e1e8b51c5d14d930600240638afc2942a0
SELECT	internal/catalogrefresh/policy.go	policy-prefix:internal/	100644	7fcb802c27a5f5db82ab51402b6e6e4ee1581362
SELECT	internal/catalogrefresh/refresh_test.go	policy-prefix:internal/	100644	0bf41a3c485f19311a89419038ce4cca1986ea9e
SELECT	internal/catalogrefresh/store.go	policy-prefix:internal/	100644	ad90245cddcfd3161507d47560c02b2cc8a35ffc
SELECT	internal/catalogrefresh/types.go	policy-prefix:internal/	100644	bd9ee8907c85c9f0b96ec2f73dc0af0ee6a474a0
SELECT	internal/catalogrefresh/validate.go	policy-prefix:internal/	100644	241e5ebd42996220d0994d73551d4f1d4c929620
SELECT	internal/catalogregistry/build.go	policy-prefix:internal/	100644	009a38045c10657d012a73ae1eea30465d3345ea
SELECT	internal/catalogregistry/id.go	policy-prefix:internal/	100644	014ab7cb7a402a471097583bc8a1613104aecce7
SELECT	internal/catalogregistry/migrations/0001_catalog_component_registry.sql	policy-prefix:internal/	100644	772347f420656059ff05c9da850598431f220351
SELECT	internal/catalogregistry/postgres.go	policy-prefix:internal/	100644	52a92374ad3b4883ad001093314823db7f6366d6
SELECT	internal/catalogregistry/registry_test.go	policy-prefix:internal/	100644	53825338348defda957df8fd8c0312b3f4c3f630
SELECT	internal/catalogregistry/store.go	policy-prefix:internal/	100644	9979797995cc7dec95bcb0d3007ef21d544f1012
SELECT	internal/catalogregistry/types.go	policy-prefix:internal/	100644	88762b08d9a1082b9a93d1de4f65c83210b593b8
SELECT	internal/catalogregistry/validate.go	policy-prefix:internal/	100644	d484d96bf012624cfbdacd9c4fca78c0fc8cc081
SELECT	internal/catalogruntime/records.go	policy-prefix:internal/	100644	28e17703eb1d0470a85eaa635ce73759e0944f1a
SELECT	internal/catalogruntime/runtime.go	policy-prefix:internal/	100644	ee03825ee2651031eecba3df1db60972a591b125
SELECT	internal/catalogruntime/runtime_test.go	policy-prefix:internal/	100644	c793f0ebb035b1a270533fed9159fd6d878eabb1
SELECT	internal/catalogruntime/store.go	policy-prefix:internal/	100644	b70454e25250f6b8c38b0bac5defe567fe711a3b
SELECT	internal/catalogruntime/store_test.go	policy-prefix:internal/	100644	cfb3e99340b5523a4f58ecab67f236b9d6f07d82
SELECT	internal/catalogsource/acquire.go	policy-prefix:internal/	100644	ab98aaea0e585a1a9b1ed2fd52c54c4a724c4bcd
SELECT	internal/catalogsource/catalogsource_test.go	policy-prefix:internal/	100644	e3adea4109e9dcda194b2aba2e13b42259f8bdc9
SELECT	internal/catalogsource/manifest.go	policy-prefix:internal/	100644	c5e92417078eb46d09fadf79b1939f478669b5c0
SELECT	internal/catalogsource/opensanctions.go	policy-prefix:internal/	100644	8c2dab8c85563f23e468bb7e07291ac74bbb3ea3
SELECT	internal/catalogsource/types.go	policy-prefix:internal/	100644	ea615ee0d21c480a6913ea23341927fc599c8617
SELECT	internal/falsepositive/adapter.go	policy-prefix:internal/	100644	7a598a8b3d807e7cbc80087269c1e4387b5ba990
SELECT	internal/falsepositive/classify.go	policy-prefix:internal/	100644	cd81226625896741360878d50860132f843f4eb7
SELECT	internal/falsepositive/classify_test.go	policy-prefix:internal/	100644	a0ea741555be0a6ed72066efc9476ece2b53cbb6
SELECT	internal/falsepositive/countervailing_policy.go	policy-prefix:internal/	100644	b513aad0d166de42043441c4088599a7529b8a1d
SELECT	internal/falsepositive/id.go	policy-prefix:internal/	100644	c48c780e56a6a08a44942f2526d5008e6373a16c
SELECT	internal/falsepositive/library.go	policy-prefix:internal/	100644	4a2cf19972c2260429228941e66f4b4253e0a6fb
SELECT	internal/falsepositive/normalize.go	policy-prefix:internal/	100644	73467e30cff78ac55eabad8da0b5fde26c89cfe2
SELECT	internal/falsepositive/types.go	policy-prefix:internal/	100644	8df5ce5b1b78f5a8a6c9a1c5a4c0611c2ba68383
SELECT	internal/falsepositive/validate.go	policy-prefix:internal/	100644	6a6caa47ea925db111746dd96c6b5d958f9ffdde
SELECT	internal/iso20022coverage/batch.go	policy-prefix:internal/	100644	f9e69d024c1af338b8ca875635bec62dcdbf17d9
SELECT	internal/iso20022coverage/canonical.go	policy-prefix:internal/	100644	b7d6dc29fcae4e0ae401504b4658290b90ee1513
SELECT	internal/iso20022coverage/golden_test.go	policy-prefix:internal/	100644	aaeeb63d699cd1a5f7119e9f2337c882438fe036
SELECT	internal/iso20022coverage/matrix.go	policy-prefix:internal/	100644	3534b241898f4a47005d786230548ad338419708
SELECT	internal/iso20022coverage/parser.go	policy-prefix:internal/	100644	ccf58d7991c702b1a7ef2abbf6f1b076ca301e5a
SELECT	internal/iso20022coverage/parser_test.go	policy-prefix:internal/	100644	41534cb24b46a27d69f5da51828be098b8b907c2
SELECT	internal/iso20022coverage/types.go	policy-prefix:internal/	100644	261b06f7d3e5df2d7b1ba0a56e6aecbe36ac20f0
SELECT	internal/matcherbaseline/normalize.go	policy-prefix:internal/	100644	4d32cd2a7d7ad434829e3f0733912f5b6932d34a
SELECT	internal/matcherbaseline/profile.go	policy-prefix:internal/	100644	b653662871be6fb4eaa66d3c92895bf8f02d9085
SELECT	internal/matcherbaseline/provider.go	policy-prefix:internal/	100644	25d6a14df98a6127210256f09b12978a9579c079
SELECT	internal/matcherbaseline/provider_test.go	policy-prefix:internal/	100644	b6bfc0166e5eff33fb7fdfbc92599e3eaa4bce3a
SELECT	internal/matcherbaseline/similarity.go	policy-prefix:internal/	100644	affdf5b2eb4ddd29763405b139f91b0aee90e662
SELECT	internal/matcherbaseline/types.go	policy-prefix:internal/	100644	c6cfaeb11775bfdffff87a938b85518f1a989d86
SELECT	internal/matchercontext/normalize.go	policy-prefix:internal/	100644	ed4d70f7af26c0c770609510b6e8a1beb44b4669
SELECT	internal/matchercontext/policy.go	policy-prefix:internal/	100644	4b6369707272f299c2f683a2a222f66d37b69e4e
SELECT	internal/matchercontext/profile.go	policy-prefix:internal/	100644	ce7aa22b3b7ace5b7394f99afc47fd3f13ee9248
SELECT	internal/matchercontext/provider.go	policy-prefix:internal/	100644	691a725b0213133f413def44b3b69e2f72cca81a
SELECT	internal/matchercontext/provider_test.go	policy-prefix:internal/	100644	ba4cf933894c63eef8d7ce5f3329d6c7f76334e9
SELECT	internal/matchercontext/types.go	policy-prefix:internal/	100644	f091b2dcd0341f3befe540529c94f25165f9d2f0
SELECT	internal/matcherprovider/execute.go	policy-prefix:internal/	100644	d053aa48d2ef6aa94e27de4d5b90e2d66c367a35
SELECT	internal/matcherprovider/execute_test.go	policy-prefix:internal/	100644	7850c0485c6ec112d83f0e5bfa6caacdefe59ea1
SELECT	internal/matcherprovider/fixture.go	policy-prefix:internal/	100644	9b3da5a2a93f3677ffdf55d40ea00ec12d5b0e23
SELECT	internal/matcherprovider/id.go	policy-prefix:internal/	100644	5c834ebe808d13a6df9fc46869e7fb0bf84d94fd
SELECT	internal/matcherprovider/summary.go	policy-prefix:internal/	100644	3f1321d6427abc56bce48112a011147a7c3a6343
SELECT	internal/matcherprovider/types.go	policy-prefix:internal/	100644	fe30c2f0e7a3869ea8f06d00e3957fa1f03475dc
SELECT	internal/matcherprovider/validate.go	policy-prefix:internal/	100644	150c121d21ba722fc7ce24827477c571c1ced787
SELECT	internal/matcherrequest/id.go	policy-prefix:internal/	100644	e399358582cd7644e3d2285564b8b0e1262860b2
SELECT	internal/matcherrequest/project.go	policy-prefix:internal/	100644	328506ec02c90bc845779cfe691ef1debef44fc6
SELECT	internal/matcherrequest/project_test.go	policy-prefix:internal/	100644	1ab2d0004ed5036faea1f763a24e425a2c6b53b2
SELECT	internal/matcherrequest/summary.go	policy-prefix:internal/	100644	1f5f96ab3e0214207a79f986fc8ae69b1dc19415
SELECT	internal/matcherrequest/types.go	policy-prefix:internal/	100644	11705884a797ed8681664251af1c693f7246b12f
SELECT	internal/matcherrequest/validate.go	policy-prefix:internal/	100644	b9c49a2358e75448fc03b6dd3251b28db019fb0a
SELECT	internal/mmapcatalogcontract/format.go	policy-prefix:internal/	100644	26f0864eed726e52afe68dcd00e19088a4ae44aa
SELECT	internal/mmapcatalogcontract/format_test.go	policy-prefix:internal/	100644	c0ccdb302796ed74abca0f0e0651943f4200c7a4
SELECT	internal/normalization/normalize.go	policy-prefix:internal/	100644	3514233eb21ee95617e4f2613d3dab85f8620321
SELECT	internal/normalization/normalize_test.go	policy-prefix:internal/	100644	8eca8ca482206dda1d6c97dbddace9986bd90592
SELECT	internal/ofacadvanced/acquire.go	policy-prefix:internal/	100644	804884016b7788d8b07c04c0f4fcfde6f71ed427
SELECT	internal/ofacadvanced/parity.go	policy-prefix:internal/	100644	8460c37fb49fa0d0a6f709116c6a2604abe0febb
SELECT	internal/ofacadvanced/parse.go	policy-prefix:internal/	100644	7acd34517b6224e0548a26d76e001de0a991eef8
SELECT	internal/ofacadvanced/parse_test.go	policy-prefix:internal/	100644	5e9ab2a09621a304d4f5b3553c60ac3e4b377a81
SELECT	internal/ofacadvanced/types.go	policy-prefix:internal/	100644	cfdef707bedb5a8e2d495798b28a6f4bb1e2ae57
SELECT	internal/ofaccatalog/load.go	policy-prefix:internal/	100644	d8905893ea6d5261ae8f95470b985bb91fab8e94
SELECT	internal/ofaccatalog/project.go	policy-prefix:internal/	100644	2322b8a2296a4f35a5461c1ef0d997f0d6804b43
SELECT	internal/ofaccatalog/project_test.go	policy-prefix:internal/	100644	441010b645633092f9bab4da6b0c1fd82b308afb
SELECT	internal/ofaccatalog/provider.go	policy-prefix:internal/	100644	dfc80d921f26592818ff98cd3983e40d83802f0d
SELECT	internal/ofaccatalog/types.go	policy-prefix:internal/	100644	c2019408aaf3b9cd40fa44a17202d76e521db569
SELECT	internal/ofacruntime/compile.go	policy-prefix:internal/	100644	eacf99ebddb11acf60757d25db92836551aab438
SELECT	internal/ofacruntime/id.go	policy-prefix:internal/	100644	3b129cbf634ed07f8350a548448fa58f5264c36a
SELECT	internal/ofacruntime/load.go	policy-prefix:internal/	100644	c127358adee17c1165e1ff36d4bea5736065063e
SELECT	internal/ofacruntime/package_test.go	policy-prefix:internal/	100644	0170302e8758ac9f70b8503dd912480acc7b84f5
SELECT	internal/ofacruntime/provider.go	policy-prefix:internal/	100644	d4caa8667fbbdfe17403e5cdc4608a9d11b15825
SELECT	internal/ofacruntime/readiness.go	policy-prefix:internal/	100644	097e710372d3583bc9b765112babe6b5a82bd872
SELECT	internal/ofacruntime/types.go	policy-prefix:internal/	100644	da34895541e7f908c3fc585c34d47d5e8555b360
SELECT	internal/ofacruntime/validate.go	policy-prefix:internal/	100644	32c04125dedffed7919e4a9b52b9625d12718ed7
SELECT	internal/ofacsource/acquire.go	policy-prefix:internal/	100644	6a14159c59c528f3d7a23c5903c063ae9cb17fcf
SELECT	internal/ofacsource/archive.go	policy-prefix:internal/	100644	b88a7cc3b0dad4f0da42cde7fceb3f3c4ea6cc6e
SELECT	internal/ofacsource/id.go	policy-prefix:internal/	100644	d75cb66466e4d4da019d3dd562d63da1347746e8
SELECT	internal/ofacsource/parse.go	policy-prefix:internal/	100644	585a91536615e8932d90fe1464be39aaf3c1adda
SELECT	internal/ofacsource/parse_test.go	policy-prefix:internal/	100644	d44b62b29fe7f478cbe0176e44855a84e3dda757
SELECT	internal/ofacsource/types.go	policy-prefix:internal/	100644	3cec668b4092f3ebe2b396dfbb166c272e7b11c3
SELECT	internal/ofacsource/validate.go	policy-prefix:internal/	100644	6b1b58a27d9d5fc39d04b13d1c4256313909c2ce
SELECT	internal/platformapi/server.go	policy-prefix:internal/	100644	de8692e67908420577893ca578790fda5376d23b
SELECT	internal/policyengine/decision_validate.go	policy-prefix:internal/	100644	ef2952e1b61cca20af61853f3f9995db518e0f3d
SELECT	internal/policyengine/evaluate.go	policy-prefix:internal/	100644	24728d6238ba58185cae74bca0944a3eeba5a6e9
SELECT	internal/policyengine/id.go	policy-prefix:internal/	100644	b83787fce2436de2556f846701be75b1ed18a11e
SELECT	internal/policyengine/load.go	policy-prefix:internal/	100644	a43bcd817653af482ed5b2df190c3c054426a94a
SELECT	internal/policyengine/overlay.go	policy-prefix:internal/	100644	1e28d8e828ffe0180aa98d51eb430029d6e66683
SELECT	internal/policyengine/policy_test.go	policy-prefix:internal/	100644	3e8bc6b74ca8739eeef3047812d1ed3a7c072ca6
SELECT	internal/policyengine/types.go	policy-prefix:internal/	100644	e8c746ab271870464cad5109eaf75ae5cd2bee10
SELECT	internal/policyengine/validate.go	policy-prefix:internal/	100644	ae3fb7be776e3438d05264e28ffeadec200dca69
SELECT	internal/policyengine/yaml.go	policy-prefix:internal/	100644	97aedf709371123fed3d883da3b45fc6f85d2e56
SELECT	internal/productionops/backup.go	policy-prefix:internal/	100644	a09d45722e29365a020e9572d60217c25a241d16
SELECT	internal/productionops/canonical.go	policy-prefix:internal/	100644	f36d05703beee45e582a457c29fb05391ef64461
SELECT	internal/productionops/config.go	policy-prefix:internal/	100644	bf635bb573149970429140d8f7236376c58bda20
SELECT	internal/productionops/limits.go	policy-prefix:internal/	100644	173cba5945da818298968cfc7e2f1b29f21ecdf9
SELECT	internal/productionops/metrics.go	policy-prefix:internal/	100644	db1b46e910e1f2b8990facbf09bd14cd089a6052
SELECT	internal/productionops/outbox.go	policy-prefix:internal/	100644	4cc8f1600c7a8a6d9bce54c256b3d1ea9e866453
SELECT	internal/productionops/postgres.go	policy-prefix:internal/	100644	cc78519555337067bbc5c830a5508c555f7bc602
SELECT	internal/productionops/productionops_test.go	policy-prefix:internal/	100644	ba2034f9c6308091cae305845fd08ff44862a170
SELECT	internal/productionops/runtime.go	policy-prefix:internal/	100644	9b48e516597f1709cb8152e82d0b3865ba5b97d8
SELECT	internal/productionops/types.go	policy-prefix:internal/	100644	a4da7de5f208f7f28c8b18a80fec9c6b57db215e
SELECT	internal/projectionpackage/normalize.go	policy-prefix:internal/	100644	e289c596d95582212a270dc914e05337d29cebd3
SELECT	internal/projectionpackage/package.go	policy-prefix:internal/	100644	f20db9d16c5b2153023b6123854fb6ba3976f2d8
SELECT	internal/projectionpackage/package_test.go	policy-prefix:internal/	100644	8a9d8d26f7ed6f59083fe5b14eaed1ceac9f3bad
SELECT	internal/projectionpackage/types.go	policy-prefix:internal/	100644	484197ca56c964af7b3b94e07a5eb1db2050e4ac
SELECT	internal/providerentity/catalog.go	policy-prefix:internal/	100644	41d6ed8dc97c88f2eda7d311d9e4af4a586f909a
SELECT	internal/providerentity/compare.go	policy-prefix:internal/	100644	3fe39c39d9ecea683da676e8eac62273c8b6658b
SELECT	internal/providerentity/ftm.go	policy-prefix:internal/	100644	5e94953cda4ce2a239763a6e74a1ffe49240b35b
SELECT	internal/providerentity/ftm_test.go	policy-prefix:internal/	100644	529ff3bf13e0383412814cc503b44167d2c38c2a
SELECT	internal/providerentity/hybrid.go	policy-prefix:internal/	100644	a3a8bcb83688ccc27870cca5df45b5272e6854b2
SELECT	internal/providerentity/id.go	policy-prefix:internal/	100644	54b132116af3489211edb796c103e16df991c37f
SELECT	internal/providerentity/provider.go	policy-prefix:internal/	100644	98dd2387d1c28fd1a4a4704f481e0940405a3072
SELECT	internal/providerentity/providerentity_test.go	policy-prefix:internal/	100644	74a076d5f7066607c2b8fcef4891d28a6862e08a
SELECT	internal/providerentity/types.go	policy-prefix:internal/	100644	cf0abfccbe652c7f283dabc94836c166f337b336
SELECT	internal/providerrefresh/analyze.go	policy-prefix:internal/	100644	97f2004e20f1c8ccbd598401d9854342c8cf5654
SELECT	internal/providerrefresh/id.go	policy-prefix:internal/	100644	9daf36476f0e507994d434519d80f94385f743a1
SELECT	internal/providerrefresh/migrations/0003_provider_refresh_governance.sql	policy-prefix:internal/	100644	2123304b297d3d866c516ebeac52d1111a614c38
SELECT	internal/providerrefresh/postgres.go	policy-prefix:internal/	100644	3efb8b1e328a9176052d2a193904ef3ea5f00ca1
SELECT	internal/providerrefresh/providerrefresh_test.go	policy-prefix:internal/	100644	5aea81b366b67593c34e59eadf8487661c7f9cbd
SELECT	internal/providerrefresh/store.go	policy-prefix:internal/	100644	bd0eaa08a3583e95a9ea433b20ccc00abb1578bc
SELECT	internal/providerrefresh/types.go	policy-prefix:internal/	100644	fcc486747070237842a81a2493db89b7ce9dc8bf
SELECT	internal/providerrefresh/validate.go	policy-prefix:internal/	100644	9e6154aad9aa9116ae4405191d987c4156581109
SELECT	internal/rag/id.go	policy-prefix:internal/	100644	e263a7bdd9daa80dada7ab9baea1ff863b3307e1
SELECT	internal/rag/load.go	policy-prefix:internal/	100644	3092b25f0fa969b5effd4d655c25f1f632218b80
SELECT	internal/rag/normalize.go	policy-prefix:internal/	100644	65e0e0b4a38283133e9ad9d8929acce2b8283ed4
SELECT	internal/rag/query_adapter.go	policy-prefix:internal/	100644	70e96fef1300ba3d47b218e69285737c042927c8
SELECT	internal/rag/rag_test.go	policy-prefix:internal/	100644	83f37ac2a548e022c06d38921fb02e338a4f0989
SELECT	internal/rag/retrieve.go	policy-prefix:internal/	100644	2f962cc289e1d6888a2a0cee8c840a6555dd3c15
SELECT	internal/rag/types.go	policy-prefix:internal/	100644	433afbe8b5d021d5194108bbce83b502d16be6f3
SELECT	internal/rag/validate.go	policy-prefix:internal/	100644	980275e1701bc8007a357f6753bce391947708a9
SELECT	internal/releaseartifact/artifact.go	policy-prefix:internal/	100644	2d20ef76e37d29003644cf0ec140912e7db965cc
SELECT	internal/releaseartifact/artifact_test.go	policy-prefix:internal/	100644	42463a1de6d24a2d8dbc0391c82bb52d1793bfeb
SELECT	internal/releasebenchmark/benchmark.go	policy-prefix:internal/	100644	1be144fb91fd5c8daefda6771c04dfd78a90879b
SELECT	internal/releasebenchmark/benchmark_test.go	policy-prefix:internal/	100644	b2dba46d0b31655805b1bf216b9cedec64061189
SELECT	internal/releasequalification/canonical.go	policy-prefix:internal/	100644	71763470a27062a27226b980d98b8fd6dbe572b9
SELECT	internal/releasequalification/engine.go	policy-prefix:internal/	100644	e6ee836f71c2ce8f5e3f1056a91c376218c9363d
SELECT	internal/releasequalification/engine_test.go	policy-prefix:internal/	100644	d8f9ad6d8e5f47fa6ae520f387c34ab58529af66
SELECT	internal/releasequalification/integration_test.go	policy-prefix:internal/	100644	9099141cdb7012a49a199aff6e41810f972483a3
SELECT	internal/releasequalification/types.go	policy-prefix:internal/	100644	15064c6ecc8a341a4b4d4ac1eb81eb771de11e9e
SELECT	internal/reviewauth/audit.go	policy-prefix:internal/	100644	a504f848ffe9f73bce2469df81cc8d0556cc5f5a
SELECT	internal/reviewauth/canonical.go	policy-prefix:internal/	100644	ef62f2bbbbfdfc90873ae6d92287645dce390171
SELECT	internal/reviewauth/registry.go	policy-prefix:internal/	100644	0062254ae358e2f8d63e5deaeab9c5ee0f8ac2c6
SELECT	internal/reviewauth/reviewauth_test.go	policy-prefix:internal/	100644	8da8a4ccc5f170f6e4b98a7a534bba355fcc513c
SELECT	internal/reviewauth/token.go	policy-prefix:internal/	100644	3d1d8052a3e8b106036a8bd4a6f52cabaac16465
SELECT	internal/reviewauth/types.go	policy-prefix:internal/	100644	bc736dda681fe633c5cf2f0eeb984375364a6063
SELECT	internal/reviewconsole/store.go	policy-prefix:internal/	100644	bb941b71fd3c5bc4b6cdf8ff6f80bcd147879bc4
SELECT	internal/reviewconsole/store_test.go	policy-prefix:internal/	100644	ee21a9ba2764a991f71bb33b7ca68a6dc89fdab4
SELECT	internal/reviewconsoleapi/assets.go	policy-prefix:internal/	100644	d227e02d14fb3892f0f2377169689e9bcf425748
SELECT	internal/reviewconsoleapi/config.go	policy-prefix:internal/	100644	a7fbaf4b4f5cd46d951958733c88deefe3968bec
SELECT	internal/reviewconsoleapi/server.go	policy-prefix:internal/	100644	9e2408871d9766621afa4adb836efd227573c266
SELECT	internal/revieworchestrator/audit.go	policy-prefix:internal/	100644	84f66e7e87dd7c0994710b6f8c8a990bec77929f
SELECT	internal/revieworchestrator/id.go	policy-prefix:internal/	100644	d5f820231935cd856059d6600cdac53dc52916ba
SELECT	internal/revieworchestrator/orchestrate.go	policy-prefix:internal/	100644	453bc084468703329688addb6db39b682675a6f1
SELECT	internal/revieworchestrator/orchestrator_test.go	policy-prefix:internal/	100644	457d7c50d9378a0119feb301517d3855b592b503
SELECT	internal/revieworchestrator/types.go	policy-prefix:internal/	100644	048ae03f476abd01a2a36dd5eb3dff1efa8a4ba7
SELECT	internal/revieworchestrator/validate.go	policy-prefix:internal/	100644	eea1f8d578683904cefd4d46e769586e7de55776
SELECT	internal/runtimecataloginput/export.go	policy-prefix:internal/	100644	64875716aae016c768ba6f51d7aa417ae88011c2
SELECT	internal/runtimecataloginput/export_test.go	policy-prefix:internal/	100644	7c3e329cf3d697e99747113007224ea370bdadac
SELECT	internal/runtimecataloginput/parse.go	policy-prefix:internal/	100644	468374020c15ed3dee5d1848b575ac82cafe7043
SELECT	internal/runtimecataloginput/types.go	policy-prefix:internal/	100644	f8ce3f16416e02add7c02eed8983b6fc88d0db1d
SELECT	internal/runtimemmapclient/pool.go	policy-prefix:internal/	100644	51023c5cabfc88d04cc441f01336be05d93ac725
SELECT	internal/runtimemmapclient/protocol.go	policy-prefix:internal/	100644	5bd41127775b6d2e6cfc382bd1968660deb739e3
SELECT	internal/runtimemmapclient/protocol_test.go	policy-prefix:internal/	100644	4fe38a69bf499afb588a4c7e8bcb69a8f105f7d2
SELECT	internal/runtimemmapclient/types.go	policy-prefix:internal/	100644	f239ad9f7ab5966ce3777b8538fd75d0aa667ab4
SELECT	internal/runtimemmapclient/worker.go	policy-prefix:internal/	100644	807c8fd7bd23c8a0e753a571ea5c7c4bd12b0bcb
SELECT	internal/scoringactivation/manager.go	policy-prefix:internal/	100644	b2120c7b20eb2ff8d06c7c14940cbfcc82f99f35
SELECT	internal/scoringactivation/manager_test.go	policy-prefix:internal/	100644	66ca85ae37f5437435a598e1f705befcb0a8321a
SELECT	internal/scoringactivation/phase8f_promotion.go	policy-prefix:internal/	100644	1faede5d6878629eee0bca46161644ea522e4b82
SELECT	internal/scoringactivation/types.go	policy-prefix:internal/	100644	2fab41322627a6a78f97718fb0efe4c5954824eb
SELECT	internal/screening/execute.go	policy-prefix:internal/	100644	c439cd62459c0e745031f7a49fcb61f285ff5b3a
SELECT	internal/screening/execute_test.go	policy-prefix:internal/	100644	65112843ea2b6520b8372e23e389e85e22521242
SELECT	internal/screening/id.go	policy-prefix:internal/	100644	ef7ee7f0f8f7201330372ef5cca751ba992bde08
SELECT	internal/screening/types.go	policy-prefix:internal/	100644	c4ead0346665c130320e6dadcf6934f0a28b4f43
SELECT	internal/screening/validate.go	policy-prefix:internal/	100644	802c0131a008746ae79b3aa2dfa0cfed0a416670
SELECT	internal/screeningapi/config.go	policy-prefix:internal/	100644	612dbf0f63d94340012237f807623e835cc41e8a
SELECT	internal/screeningapi/http.go	policy-prefix:internal/	100644	a734b7b43069d5496262361369ab78ccf17d61cd
SELECT	internal/screeningapi/id.go	policy-prefix:internal/	100644	4804bd5e723e454df23f2491ab488df13ef167c1
SELECT	internal/screeningapi/idempotency.go	policy-prefix:internal/	100644	8e23a378c7e1e7d87a9810cb5329927451844853
SELECT	internal/screeningapi/phase8c_scoring.go	policy-prefix:internal/	100644	f0eb3bc2a7708e9767ce8493cd9283660f7a42af
SELECT	internal/screeningapi/phase8c_scoring_test.go	policy-prefix:internal/	100644	1ed8be79bece7e1c6cd375b8789b120d49a285db
SELECT	internal/screeningapi/phase8d_frontdoor.go	policy-prefix:internal/	100644	1676fddde2c5a43055eeb4a67d1d91f8e15c1509
SELECT	internal/screeningapi/phase8d_frontdoor_test.go	policy-prefix:internal/	100644	ef42663f58119046fec20f353e81bcad98711c8a
SELECT	internal/screeningapi/runtime.go	policy-prefix:internal/	100644	82748f5de0dcc59f5f77bc70ea5c33c4080f0716
SELECT	internal/screeningapi/service.go	policy-prefix:internal/	100644	82cf91ac755aafe376c62270bef49419ce175cf0
SELECT	internal/screeningapi/service_test.go	policy-prefix:internal/	100644	6adee5038543573772e368cec4fa3481050d1c86
SELECT	internal/screeningapi/state.go	policy-prefix:internal/	100644	74a468817d653cdee18d6d561fc096342c9fff0e
SELECT	internal/screeningapi/types.go	policy-prefix:internal/	100644	8571aca7774e4e2978c7ab485bd66c58ed2b0721
SELECT	internal/screeningapiv8d/config.go	policy-prefix:internal/	100644	f0419f1643d7f36329f082febe4d1fa7e71a510a
SELECT	internal/screeningapiv8d/extract.go	policy-prefix:internal/	100644	6f05fbed7ee5e6a05d90a66b9f55bea01285ea67
SELECT	internal/screeningapiv8d/idempotency.go	policy-prefix:internal/	100644	bb008579d3d3f8ace121013e300a3b7aa01f1f08
SELECT	internal/screeningapiv8d/projections.go	policy-prefix:internal/	100644	c53b9ffa272b51e5b6e948ceaddc5d9280da6b3c
SELECT	internal/screeningapiv8d/server.go	policy-prefix:internal/	100644	94091209a2538656ab7a8b080c6ce04278457884
SELECT	internal/screeningapiv8d/server_test.go	policy-prefix:internal/	100644	72d0843a75614fb9157e9c4f7057f3d08353dba8
SELECT	internal/screeningapiv8d/types.go	policy-prefix:internal/	100644	afde4b62a6691e915bedf71c5f0d2b10d992a9ae
SELECT	internal/screeningapiv8d/upstream.go	policy-prefix:internal/	100644	26dd279bc07cea2a650dbd481f43646cfa16f263
SELECT	internal/screeningapiv8e/config.go	policy-prefix:internal/	100644	82f9b25e61047aa0fab66865071d47d6c6f95a1a
SELECT	internal/screeningapiv8e/server.go	policy-prefix:internal/	100644	dda234e50cfacc40b17ccb7a60c80a5b26469351
SELECT	internal/screeningapiv8e/server_test.go	policy-prefix:internal/	100644	5723343fe466b62a5d0c1bd392759c92c6896287
SELECT	internal/screeningapiv8e/upstream.go	policy-prefix:internal/	100644	0db2861f39ea88290c83a56a4368af536bbae393
SELECT	internal/screeningapiv8f/config.go	policy-prefix:internal/	100644	cf4ccf12245d7cdfa73d2e73c7d14268c9a8319b
SELECT	internal/screeningapiv8f/idempotency.go	policy-prefix:internal/	100644	cf810eff3c845d10711de9f7d918efb0333f1ab2
SELECT	internal/screeningapiv8f/server.go	policy-prefix:internal/	100644	a9a78cec45c07a6f8129b548cd1a39cc4d33e829
SELECT	internal/screeningapiv8f/server_test.go	policy-prefix:internal/	100644	a605e2affc8d634facfc9485a084a750e1994f97
SELECT	internal/screeningapiv8f/upstream.go	policy-prefix:internal/	100644	176992b75c3b34b53cd151dfddd85eed4044f444
SELECT	internal/screeningapiv8g/config.go	policy-prefix:internal/	100644	dbf2d27bf4f58f6cb2548155801d755fae983172
SELECT	internal/screeningapiv8g/idempotency.go	policy-prefix:internal/	100644	fba343ce472ef805ad43d6e5c4f9855f6385ba51
SELECT	internal/screeningapiv8g/server.go	policy-prefix:internal/	100644	b2b459ef1aff252ec31cb887c52f017aad440136
SELECT	internal/screeningapiv8g/server_test.go	policy-prefix:internal/	100644	446495ee18b41ebf61a248751e4bbe088b81b5d1
SELECT	internal/screeningledger/audit.go	policy-prefix:internal/	100644	f8e128bbc5e6951f22cca12c31f4a54d5f15ab63
SELECT	internal/screeningledger/crypto.go	policy-prefix:internal/	100644	875e20b82602ec62f2017139a6e3232e1523106e
SELECT	internal/screeningledger/external_audit.go	policy-prefix:internal/	100644	355383fc1bfffbffce587ae0d67efc004da33779
SELECT	internal/screeningledger/postgres.go	policy-prefix:internal/	100644	9f61736939cf939b17a146291d75fdf0ad0b1bba
SELECT	internal/screeningledger/redact.go	policy-prefix:internal/	100644	1285e1b59de841e79639d4d777f97849148572c8
SELECT	internal/screeningledger/replay.go	policy-prefix:internal/	100644	a18dc63ff4fc3bbce03d0a3a6c089270afa73547
SELECT	internal/screeningledger/store.go	policy-prefix:internal/	100644	dacd0c016a379f558d7c79a7200e7528acf467d4
SELECT	internal/screeningledger/store_test.go	policy-prefix:internal/	100644	e6af267775e3ffa5938165515988ce52bd6a6698
SELECT	internal/screeningledger/types.go	policy-prefix:internal/	100644	7d63bc78ee5e037eab33c0dd5e5a160374cab7b0
SELECT	internal/screeningplan/compile.go	policy-prefix:internal/	100644	61ae81f2fd09ec849655a8fe8553b5ea1e3a6ae4
SELECT	internal/screeningplan/compile_test.go	policy-prefix:internal/	100644	6e62a46b885dcb3703f1eb1736e951a21bf41501
SELECT	internal/screeningplan/load.go	policy-prefix:internal/	100644	26860ea6eea39b6fb71de4c25423cbebe55dc204
SELECT	internal/screeningplan/types.go	policy-prefix:internal/	100644	b88a66ba414a6d1a0b43023161017b911a247328
SELECT	internal/updatemanager/audit.go	policy-prefix:internal/	100644	7f3d86fd8875e011377745b55c7e2f1fbe70d08a
SELECT	internal/updatemanager/delta.go	policy-prefix:internal/	100644	4fdf56d5976296536a9c77c8bb6d86ecce3d00e0
SELECT	internal/updatemanager/delta_test.go	policy-prefix:internal/	100644	305b8384c635e68dbb90a834865431bb27a84f36
SELECT	internal/updatemanager/id.go	policy-prefix:internal/	100644	4e46b0eefd0bc44ece8e3b20fce7287aa5375252
SELECT	internal/updatemanager/manager.go	policy-prefix:internal/	100644	d1c9ea9c4f021592af6a2c344586dcfd7ba284f1
SELECT	internal/updatemanager/manager_test.go	policy-prefix:internal/	100644	90e0fa01b00be23fc459b42b5928edd345808e1f
SELECT	internal/updatemanager/store.go	policy-prefix:internal/	100644	ebd95e7903b89132341b8530e96da2b6d8e68624
SELECT	internal/updatemanager/types.go	policy-prefix:internal/	100644	bbc5507df1884aafa7072ec22b556e6a5cb4d41c
SELECT	internal/updatemanager/validate.go	policy-prefix:internal/	100644	0aa1d8fba4fdba5b02c96f47c010a9853f279171
SELECT	internal/updatemanager/worker.go	policy-prefix:internal/	100644	825feb62a2075e278936fe9d26c0f5506fbc11d8
SELECT	internal/vendoradapter/batch.go	policy-prefix:internal/	100644	7e52e7d2402375dfb882ea10ae2530517fb51547
SELECT	internal/vendoradapter/canonical.go	policy-prefix:internal/	100644	d09e24ab3fe7a1d8ae0a359ee92a820819280cf8
SELECT	internal/vendoradapter/convert.go	policy-prefix:internal/	100644	bbd9302e407e4c31471b82585f0ef84acf811be2
SELECT	internal/vendoradapter/convert_test.go	policy-prefix:internal/	100644	884d0a6a79513cbc1b7451e29aaafa4777d4238a
SELECT	internal/vendoradapter/postgres.go	policy-prefix:internal/	100644	e6952f9b376e4ab0020f2ae91ccbc65b3dc67cb5
SELECT	internal/vendoradapter/profile.go	policy-prefix:internal/	100644	f4f66c8b2db98778202af9fece90c8b07a9d8f26
SELECT	internal/vendoradapter/store.go	policy-prefix:internal/	100644	5635ee03514345d325f681c701fbda6f97bc4661
SELECT	internal/vendoradapter/types.go	policy-prefix:internal/	100644	487912a32b45bd6681088eed747fdb7d4443104c
SELECT	internal/vendoradapterapi/config.go	policy-prefix:internal/	100644	67b0a080d8c7677362cd1ac5f9f71549feadf608
SELECT	internal/vendoradapterapi/server.go	policy-prefix:internal/	100644	c4cca5292a3875b790f9ffc597a6d22b8a1334bc
SELECT	internal/vendoradapterapi/server_test.go	policy-prefix:internal/	100644	eeb8694f5a7c785efcf61c070625ec1b83169500
SELECT	runtime/catalog-mmap/Cargo.toml	policy-prefix:runtime/	100644	a3e2bb7f65cb2b9e4fd200022fceca9d83ce34f8
SELECT	runtime/catalog-mmap/src/bin/catalog-mmap.rs	policy-prefix:runtime/	100644	7bf0b5d96593118a4ed09540f3f7f33a0db68ea2
SELECT	runtime/catalog-mmap/src/format.rs	policy-prefix:runtime/	100644	a15d5f21b49532d4de3d505c484b763c51e16c6e
SELECT	runtime/catalog-mmap/src/input.rs	policy-prefix:runtime/	100644	0c5f65bffab64954bd2c9bbe7fa2b07922da5332
SELECT	runtime/catalog-mmap/src/lib.rs	policy-prefix:runtime/	100644	9aa81f297bac30ea4bb1f324c023ee85e5bce6e0
SELECT	runtime/catalog-mmap/src/mmap.rs	policy-prefix:runtime/	100644	ee7010d4ad4bb4c642f916cf506813606ab682d8
SELECT	runtime/catalog-mmap/src/sha256.rs	policy-prefix:runtime/	100644	bc9df4ff62b4ce110be27efbd4e5e9cd5fd75dbc
SELECT	runtime/catalog-mmap/src/worker.rs	policy-prefix:runtime/	100644	725d484c7215e4593daadf1b45df991a9569521a
SELECT	runtime/catalog-mmap/tests/contract.rs	policy-prefix:runtime/	100644	7420ea04ed62cbd067b1599df21753ecd9d4d65e
SELECT	runtime/catalog-mmap/tests/projection_package_conformance.rs	policy-prefix:runtime/	100644	e872c04a0640870af1d5778a42938ff64aec8df2
SELECT	runtime/catalog-mmap/tests/worker_protocol.rs	policy-prefix:runtime/	100644	fa1916c3d0e89868cb35d3cf5e494ec7305772a1
SELECT	test/fixtures/activation-promotion/batch.request.json	policy-prefix:test/fixtures/	100644	11373b34e8fc58a48dbd58a754ce1077abbf5f75
SELECT	test/fixtures/activation-promotion/candidate-batch.response.json	policy-prefix:test/fixtures/	100644	5a610fa9f538d0896cf316d32dabc07cb8e8b79b
SELECT	test/fixtures/activation-promotion/candidate.response.json	policy-prefix:test/fixtures/	100644	bb31bf7f1f782cfe317d547985e9b1267f05a76f
SELECT	test/fixtures/activation-promotion/current-batch.response.json	policy-prefix:test/fixtures/	100644	0c0fc640281ef02a1206619fdb40ee7647262a4d
SELECT	test/fixtures/activation-promotion/current.response.json	policy-prefix:test/fixtures/	100644	ad1ebffe81ecb401cc0c86249866e7f42ebdd4c0
SELECT	test/fixtures/activation-promotion/drift.response.json	policy-prefix:test/fixtures/	100644	ef8cd8fc4b32f5d356ea3c469b69db95a7b376e4
SELECT	test/fixtures/activation-promotion/realtime.request.json	policy-prefix:test/fixtures/	100644	a10d845b4c120bb2559dd6ca43d527b676a9ca8e
SELECT	test/fixtures/activation-promotion/state/audit-head.json	policy-prefix:test/fixtures/	100644	13970d8a26d559ac452b71c7d289967570ae0bc3
SELECT	test/fixtures/activation-promotion/state/audit/00000000000000000001-f0ff8f500eb9f45a97abe5606bb29073877cb860fde2a694d154bc3ae34425cc.json	policy-prefix:test/fixtures/	100644	fa9e507d83563a2d1b5c6ef0df0b3b811d33e4b5
SELECT	test/fixtures/activation-promotion/state/intents/promotion-phase8f-fixture.json	policy-prefix:test/fixtures/	100644	fe114791ac625a635e436f5c43c051679c9f8adc
SELECT	test/fixtures/activation-promotion/state/promotion.json	policy-prefix:test/fixtures/	100644	c5cbdada7ab9b55c6b893aa2a54727e5013ec5eb
SELECT	test/fixtures/activation-promotion/state/states/promotion-phase8f-fixture/00000000000000000001.json	policy-prefix:test/fixtures/	100644	c5cbdada7ab9b55c6b893aa2a54727e5013ec5eb
SELECT	test/fixtures/alert-case/batch.request.json	policy-prefix:test/fixtures/	100644	b416e425005b44f895163d7e9395e1d935d5d490
SELECT	test/fixtures/alert-case/create-alert.request.json	policy-prefix:test/fixtures/	100644	580232ccf81fc3fda20bd71657b7b4d9eceb632a
SELECT	test/fixtures/alert-case/external-alert.request.json	policy-prefix:test/fixtures/	100644	c50eb9f497f1e94047b67483ad3eedd9f4830aa4
SELECT	test/fixtures/alert-case/fake-psql.sh	policy-prefix:test/fixtures/	100755	22fafbfe06ca27c6ff1d1c892564151a9811abd6
SELECT	test/fixtures/alert-case/phase8g-event.json	policy-prefix:test/fixtures/	100644	b3ba9dee5b4c1caa5e2ae9f0c1f582e24a338ad2
SELECT	test/fixtures/alert-case/policy.json	policy-prefix:test/fixtures/	100644	5d36e0a31ea05b715e984aebd28b66a6b4c3de3b
SELECT	test/fixtures/alert-list-mapping/README.md	policy-prefix:test/fixtures/	100644	d560089aa67c297d1bb71309989a0fc4f0cfb31b
SELECT	test/fixtures/alert-list-mapping/actimize-provider.mapping.json	policy-prefix:test/fixtures/	100644	09e3edf4508aeedca07d67302d913b9bf5ae7831
SELECT	test/fixtures/alert-list-mapping/actimize-retire.mapping.json	policy-prefix:test/fixtures/	100644	4e0a391efdbc8f86e155e023f3ef3b3f9dabc0fb
SELECT	test/fixtures/alert-list-mapping/batch-current.json	policy-prefix:test/fixtures/	100644	21d903606f63ffc8214c2d3b423d594d207689b2
SELECT	test/fixtures/alert-list-mapping/fircosoft-ofac-official.mapping.json	policy-prefix:test/fixtures/	100644	236b618932cfed2a947237153d7f541443e66691
SELECT	test/fixtures/alert-list-mapping/fircosoft-provider-remap.mapping.json	policy-prefix:test/fixtures/	100644	ea05ed7ab91530c3205feb38f8df8170a6f39882
SELECT	test/fixtures/alert-list-mapping/future-official.mapping.json	policy-prefix:test/fixtures/	100644	502989f6fafd27ff62ba8ca0c989df4a7cd77b8b
SELECT	test/fixtures/alert-list-mapping/temporary-official.mapping.json	policy-prefix:test/fixtures/	100644	16d71d8cb67e3f7b70348fd152e076596b5b47a4
SELECT	test/fixtures/candidate-scoring/batch.request.json	policy-prefix:test/fixtures/	100644	0d01ad585c863b44ed8517d7e9d6ba63bc13db23
SELECT	test/fixtures/candidate-scoring/dob-contradiction.request.json	policy-prefix:test/fixtures/	100644	ca208badb1772110fe3adb5056d868576ef5b160
SELECT	test/fixtures/candidate-scoring/realtime.request.json	policy-prefix:test/fixtures/	100644	e18c645c86ef029d0bb552aa6eef4f3b1ca4afc5
SELECT	test/fixtures/candidate-scoring/unknown-field.request.json	policy-prefix:test/fixtures/	100644	e43489c77b82a5c8c9ea003d0cc5bf5f8d03eacc
SELECT	test/fixtures/case-assistance/corpus/manifest.json	policy-prefix:test/fixtures/	100644	17d9c093785ab478ee8b93d9550a99622f69a9ca
SELECT	test/fixtures/case-assistance/corpus/snapshot.json	policy-prefix:test/fixtures/	100644	146c16280023da69cfb8b1c25759073c8ed7cfd9
SELECT	test/fixtures/case-assistance/fake-psql.sh	policy-prefix:test/fixtures/	100755	9155af29d33361c908d124195d0fbb9e1e72acf1
SELECT	test/fixtures/case-assistance/models/responses.json	policy-prefix:test/fixtures/	100644	198d48375317002d5cbee90ea738b83ae586ca1d
SELECT	test/fixtures/case-assistance/query.json	policy-prefix:test/fixtures/	100644	a48c5a12fa78744f556c0adb145f4bfb0e8c680c
SELECT	test/fixtures/catalog-refresh/promotion-policy-v1.json	policy-prefix:test/fixtures/	100644	05ca2dccaff248c9fb45b8e5695908c386d5b886
SELECT	test/fixtures/catalog-refresh/sdn-delta-base.xml	policy-prefix:test/fixtures/	100644	a46795568850008a96f3bfcc30a59781122ffa32
SELECT	test/fixtures/catalog-refresh/sdn-delta-large.xml	policy-prefix:test/fixtures/	100644	6a922962f9d1ffa4d2dea533cef3109363810fb4
SELECT	test/fixtures/catalog-refresh/sdn-delta-small.xml	policy-prefix:test/fixtures/	100644	86142607f1d656bb2c2ed0338f15ab84b499a388
SELECT	test/fixtures/catalog-refresh/sdn-delta-threshold.xml	policy-prefix:test/fixtures/	100644	25f90f86cb976addf7b948b5dd7d67623319a642
SELECT	test/fixtures/catalog-registry/README.md	policy-prefix:test/fixtures/	100644	8c80da73193a065394e7be6defae4ea8924782bf
SELECT	test/fixtures/catalog-registry/official-ofac-sdn-v1.version.json	policy-prefix:test/fixtures/	100644	fc8fb0954b0cf0eeb0d02161fecccc8d79bc1390
SELECT	test/fixtures/catalog-registry/official-ofac-sdn-v2.version.json	policy-prefix:test/fixtures/	100644	d064577b3e3e18e4be392d56748479e1288fbf81
SELECT	test/fixtures/catalog-registry/official-ofac-sdn.component.json	policy-prefix:test/fixtures/	100644	ba0b41625666c2d437ff54acab848f521dcb1032
SELECT	test/fixtures/catalog-registry/provider-primary-v1.version.json	policy-prefix:test/fixtures/	100644	4673362dc7b62522eb622b8c5ba5c7acc1e6b366
SELECT	test/fixtures/catalog-registry/provider-primary.component.json	policy-prefix:test/fixtures/	100644	d30f6fe9965314fc08e8bc277581e54b349fa9ab
SELECT	test/fixtures/false-positive/pattern-observations.json	policy-prefix:test/fixtures/	100644	bd9b315f54f12568dde7000f86355bc41d54305d
SELECT	test/fixtures/iso20022-phase9d/camt026.xml	policy-prefix:test/fixtures/	100644	39d4edba79eba1df6bb74c0b8e6e3946b77dbcc1
SELECT	test/fixtures/iso20022-phase9d/camt027.xml	policy-prefix:test/fixtures/	100644	ad4302b22a6d8640915dc4fd87f41ab56a20a718
SELECT	test/fixtures/iso20022-phase9d/camt028.xml	policy-prefix:test/fixtures/	100644	075b745bc0559337edeb40dc1856d5fb601ab1fd
SELECT	test/fixtures/iso20022-phase9d/camt029.xml	policy-prefix:test/fixtures/	100644	0805db54d376f8689f9a7d048be0a842b81884ec
SELECT	test/fixtures/iso20022-phase9d/camt053.xml	policy-prefix:test/fixtures/	100644	16f035ec570dbc3b38e309bb5fd3360cb909ce71
SELECT	test/fixtures/iso20022-phase9d/camt054.xml	policy-prefix:test/fixtures/	100644	e28efe674a783c0044ecb835714a4f778e0489db
SELECT	test/fixtures/iso20022-phase9d/camt056.xml	policy-prefix:test/fixtures/	100644	f670321d96386e2c1f46ae919086f378c13e60ed
SELECT	test/fixtures/iso20022-phase9d/pacs002.xml	policy-prefix:test/fixtures/	100644	2c2245dfe40160e0580ca463be2965d2213adc4f
SELECT	test/fixtures/iso20022-phase9d/pacs004.xml	policy-prefix:test/fixtures/	100644	717332b9c2a1ebd1f39e4b1a6de5023f51505ce0
SELECT	test/fixtures/iso20022-phase9d/pacs008.xml	policy-prefix:test/fixtures/	100644	6f616634378683646ed23b291a30396c1cae586e
SELECT	test/fixtures/iso20022-phase9d/pacs009-cov.xml	policy-prefix:test/fixtures/	100644	e7245445f0ad7cae80ac116eede44659ba371409
SELECT	test/fixtures/iso20022-phase9d/pacs009.xml	policy-prefix:test/fixtures/	100644	63af6af21a196292772154d77c3bbfde94f93d34
SELECT	test/fixtures/iso20022-phase9d/pain001.xml	policy-prefix:test/fixtures/	100644	a8b1aaf649ce416563de48a2b77b5520b42fcce2
SELECT	test/fixtures/iso20022-phase9d/pain002.xml	policy-prefix:test/fixtures/	100644	f62ead99ad145fdb105125c0e0e961bea1c2f1c5
SELECT	test/fixtures/iso20022/pacs008/README.md	policy-prefix:test/fixtures/	100644	5966ebdd20ae669978f574c7e28b27fc3efb4fe7
SELECT	test/fixtures/iso20022/pacs008/pacs008-basic.xml	policy-prefix:test/fixtures/	100644	a0a8c762920a9c9eaedc95a0672d9c2f5ac9863e
SELECT	test/fixtures/iso20022/pacs008/pacs008-contextual.xml	policy-prefix:test/fixtures/	100644	464ac76b9e6333eb7f81a2eff8192e0e862d3d2a
SELECT	test/fixtures/iso20022/pacs008/pacs008-empty-name.xml	policy-prefix:test/fixtures/	100644	1b3d2fe960779dfc51d9ee6c3730fefb3263177c
SELECT	test/fixtures/iso20022/pacs008/pacs008-fuzzy-names.xml	policy-prefix:test/fixtures/	100644	c1e25882b289042d00023495c61cb87c231581b8
SELECT	test/fixtures/iso20022/pacs008/pacs008-malformed.xml	policy-prefix:test/fixtures/	100644	a300744ce43b25cf56626c6f2e71c1f0d6be5bed
SELECT	test/fixtures/iso20022/pacs008/pacs008-multi-transaction.xml	policy-prefix:test/fixtures/	100644	4d9aadbe9b0d91f65e5a87b864e3a104ba4a47d9
SELECT	test/fixtures/iso20022/pacs008/pacs008-unsafe-doctype.xml	policy-prefix:test/fixtures/	100644	19880a97b2ea105b778f16e1f1a1ae129f9b4b33
SELECT	test/fixtures/iso20022/pacs008/pacs008-unsupported-version.xml	policy-prefix:test/fixtures/	100644	c416bb22a84c339602cae51b2be4c7bebc6758c1
SELECT	test/fixtures/live-source/opensanctions-us-ofac-sdn-program-taxonomy.ftm.json	policy-prefix:test/fixtures/	100644	d68150062adf9eb893df2c42b1cc1ebe74fa54e6
SELECT	test/fixtures/live-source/opensanctions-us-ofac-sdn-referents-only.ftm.json	policy-prefix:test/fixtures/	100644	c492246caa29398259f1835a40f6e2fa00632dd3
SELECT	test/fixtures/live-source/opensanctions-us-ofac-sdn.ftm.json	policy-prefix:test/fixtures/	100644	737054ae6f629f1521846b8fe9e4200c178421ca
SELECT	test/fixtures/live-source/opensanctions-us-ofac-sdn.index.json	policy-prefix:test/fixtures/	100644	155af21c931dfa025c1f40935be4b56a6dd3e375
SELECT	test/fixtures/matcher-context/jurisdiction-policy-synthetic-r1.json	policy-prefix:test/fixtures/	100644	88912bb5f47a2208e8d14f1b0a03111f3203cd4a
SELECT	test/fixtures/ofac/advanced/README.md	policy-prefix:test/fixtures/	100644	b4bd705ccb7b787df014a5942842969decb4f3ec
SELECT	test/fixtures/ofac/advanced/sdn-advanced-fixture.xml	policy-prefix:test/fixtures/	100644	5caffd126c42ff0f02885101ae8bae9e8c8ad959
SELECT	test/fixtures/ofac/sdn/README.md	policy-prefix:test/fixtures/	100644	f502a7633b566d810cf120e6654b1f4913213b0e
SELECT	test/fixtures/ofac/sdn/sdn-bad-record-count.xml	policy-prefix:test/fixtures/	100644	403ea3ef36a0aad04d9cd80a9f79809a7db1eea7
SELECT	test/fixtures/ofac/sdn/sdn-fixture-v2.xml	policy-prefix:test/fixtures/	100644	f1c912ec33dbac9d4f47922b3aa4e8cd736baa83
SELECT	test/fixtures/ofac/sdn/sdn-fixture.xml	policy-prefix:test/fixtures/	100644	4c4c5998a6e2c38dfee1f0ab42b457192350fb31
SELECT	test/fixtures/ofac/sdn/sdn-official-publsh-information.xml	policy-prefix:test/fixtures/	100644	6fe76c85a3226f38fd10dc745aeb492b4d286415
SELECT	test/fixtures/ofac/sdn/sdn-unknown-element.xml	policy-prefix:test/fixtures/	100644	6c6c8c2c53c639f27ac578032398ef5938aaf462
SELECT	test/fixtures/ofac/sdn/sdn-unsafe-doctype.xml	policy-prefix:test/fixtures/	100644	6a80b9698c0c48285b96137a4490bbc8d51456c6
SELECT	test/fixtures/production/outbox-payload.json	policy-prefix:test/fixtures/	100644	270ac6f8abdb58ee41a314d02a4a9fcc99cfe12c
SELECT	test/fixtures/projection-package/canonical-input.json	policy-prefix:test/fixtures/	100644	8828f920dfc7b11973dd4c9d43427745db15cdcc
SELECT	test/fixtures/projection-package/catalog-descriptor.json	policy-prefix:test/fixtures/	100644	bb42449cf85a306cf891c056df347f5039819526
SELECT	test/fixtures/projection-package/catalog-fixture.mmap	policy-prefix:test/fixtures/	100644	ce5a83e734088a3861c88e35a7b1c0048fceaaab
SELECT	test/fixtures/projection-package/packages/b652a63ffd2c8ed73dd40e8fb3530670ad49798fb3140fe3de8ac02ec12f7167/FILES.sha256	policy-prefix:test/fixtures/	100644	7537aa3ed5d1716f05c55ac5ca4ef36caa213e7d
SELECT	test/fixtures/projection-package/packages/b652a63ffd2c8ed73dd40e8fb3530670ad49798fb3140fe3de8ac02ec12f7167/PACKAGE.sha256	policy-prefix:test/fixtures/	100644	89918c6560e98203201774cd1ad6ed36cf91f88d
SELECT	test/fixtures/projection-package/packages/b652a63ffd2c8ed73dd40e8fb3530670ad49798fb3140fe3de8ac02ec12f7167/manifest.json	policy-prefix:test/fixtures/	100644	2d3c3d0da111765184fbb8aec0bafd0bc51ecb54
SELECT	test/fixtures/projection-package/packages/b652a63ffd2c8ed73dd40e8fb3530670ad49798fb3140fe3de8ac02ec12f7167/projections.json	policy-prefix:test/fixtures/	100644	4e7c76d56660111d58d19413dd0ce17976df56d8
SELECT	test/fixtures/projection-package/projection-conformance.tsv	policy-prefix:test/fixtures/	100644	8fa78bbc1448a764c1509492b27571faf6f17c9c
SELECT	test/fixtures/provider-entity/opensanctions-like-snapshot.json	policy-prefix:test/fixtures/	100644	e777df4456a59ada8c3cb852c5b487ce863cc3e4
SELECT	test/fixtures/provider-refresh/README.md	policy-prefix:test/fixtures/	100644	ce2a66cdb1347ea0509e9d42870a35c3f31efb1a
SELECT	test/fixtures/provider-refresh/blocked-missing-mapped.analysis.json	policy-prefix:test/fixtures/	100644	f380a479f5469ead4ba24968068ec3a047e309b9
SELECT	test/fixtures/provider-refresh/ready-refresh.analysis.json	policy-prefix:test/fixtures/	100644	85f47113f1030ae0bc4b657b7648e036d7d95523
SELECT	test/fixtures/providers/synthetic/synthetic-catalog-v1.json	policy-prefix:test/fixtures/	100644	690f58bdd7c318275c0062e5806b032e45679327
SELECT	test/fixtures/rag/corpus-manifest.json	policy-prefix:test/fixtures/	100644	67785eff69226a2e7fc46cd9eff1f806405ba435
SELECT	test/fixtures/rag/documents/approved-guidance.md	policy-prefix:test/fixtures/	100644	75adb5bb6ab887d401a9a07d8c8860df68bc855a
SELECT	test/fixtures/rag/documents/approved-policy.md	policy-prefix:test/fixtures/	100644	3b2a61516993943a7b77e5848e0d03b22d1113d8
SELECT	test/fixtures/rag/documents/compromised-guidance.md	policy-prefix:test/fixtures/	100644	d64b171b8d1d3203293426746379fdb1a9b1ffe2
SELECT	test/fixtures/rag/documents/draft-policy.md	policy-prefix:test/fixtures/	100644	93a89e7f24c86c8d955c8a803a7bee3f39d06f38
SELECT	test/fixtures/rag/documents/hostile-content.md	policy-prefix:test/fixtures/	100644	c6155d7a5096263b80643b490803107e0326a2ac
SELECT	test/fixtures/rag/documents/superseded-policy.md	policy-prefix:test/fixtures/	100644	097a5ad80725fcacf998f232877bf54abfc4cd9a
SELECT	test/fixtures/rag/documents/validated-case.md	policy-prefix:test/fixtures/	100644	af9ffa85933df7c9e8a4de8eb62c8f6892cd7235
SELECT	test/fixtures/rag/entity-type-query.json	policy-prefix:test/fixtures/	100644	0c5bdca448acfd9f3b49d12359be32a0cd564615
SELECT	test/fixtures/release-qualification/suite.json	policy-prefix:test/fixtures/	100644	3c37d71d2163314f54adc695e45685e43be23b95
SELECT	test/fixtures/review-console/runtime-state/security-audit/events/00000000000000000001.json	policy-prefix:test/fixtures/	100644	47b5ead914a093fbc0af0dba6e0bc93c0a22fdb3
SELECT	test/fixtures/review-console/runtime-state/security-audit/events/00000000000000000002.json	policy-prefix:test/fixtures/	100644	9333d9d8ca8c7b56ebe16137f38b92348760e571
SELECT	test/fixtures/review-console/runtime-state/security-audit/events/00000000000000000003.json	policy-prefix:test/fixtures/	100644	5acaa7816953e3bcb6b6ea69e26704f3075d3764
SELECT	test/fixtures/review-console/runtime-state/security-audit/events/00000000000000000004.json	policy-prefix:test/fixtures/	100644	000a407a86b3d1cdddb41e264a70b2282b27b760
SELECT	test/fixtures/review-console/runtime-state/security-audit/events/00000000000000000005.json	policy-prefix:test/fixtures/	100644	7e000a1f55e66f25d6d1bf489ea06578e55f4637
SELECT	test/fixtures/review-console/runtime-state/security-audit/events/00000000000000000006.json	policy-prefix:test/fixtures/	100644	cdac5178ae3025953fdc8f63b640ee35502c6fb2
SELECT	test/fixtures/review-console/runtime-state/security-audit/events/00000000000000000007.json	policy-prefix:test/fixtures/	100644	bfbcca0aec7e09af9fa29388e7217348a36d0267
SELECT	test/fixtures/review-console/runtime-state/security-audit/events/00000000000000000008.json	policy-prefix:test/fixtures/	100644	5a3d69baf4c4a74d5be17f9bb566d2194daa46a6
SELECT	test/fixtures/review-console/runtime-state/security-audit/events/00000000000000000009.json	policy-prefix:test/fixtures/	100644	aa003953941e4512802965fefbaba1103d37d13a
SELECT	test/fixtures/review-console/runtime-state/security-audit/events/00000000000000000010.json	policy-prefix:test/fixtures/	100644	1ea82e8340defe97479aa6f5e178615dea19c60f
SELECT	test/fixtures/review-console/runtime-state/security-audit/events/00000000000000000011.json	policy-prefix:test/fixtures/	100644	1e90a73217e29ac42cd8d302a2e7c8021dc9bec6
SELECT	test/fixtures/review-console/runtime-state/security-audit/events/00000000000000000012.json	policy-prefix:test/fixtures/	100644	32f1a980d048a019971cb9a78a22e23ce24a45da
SELECT	test/fixtures/review-console/runtime-state/security-audit/events/00000000000000000013.json	policy-prefix:test/fixtures/	100644	7d54dd591904920bec49a5d4c1fb286716094695
SELECT	test/fixtures/review-console/signing-key.hex	policy-prefix:test/fixtures/	100644	0d6e3252cf3ae4504a947b640eb8ea6d4adfcf42
SELECT	test/fixtures/runtime-mmap/README.md	policy-prefix:test/fixtures/	100644	0b81d290f2ae1f4ab2f583141dabe934c94421ad
SELECT	test/fixtures/runtime-mmap/ofac-fixture.owcin	policy-prefix:test/fixtures/	100644	39a83c08feecb8aa13f8500b1ccfee79bc7c4990
SELECT	test/fixtures/scoring-activation/state/activations/activation-phase8e-fixture.json	policy-prefix:test/fixtures/	100644	950a95ff200570874aef9f24e05ab869f9c1a78c
SELECT	test/fixtures/scoring-activation/state/activations/activation-phase8f-candidate.json	policy-prefix:test/fixtures/	100644	3367ffe57bfa3d5dac27ef333dd9ff05a2973b00
SELECT	test/fixtures/scoring-activation/state/active.json	policy-prefix:test/fixtures/	100644	950a95ff200570874aef9f24e05ab869f9c1a78c
SELECT	test/fixtures/screening-api-v8d/batch.request.json	policy-prefix:test/fixtures/	100644	75e09cbb7bcdeb7ad2a4260a22738a2b559a7eb8
SELECT	test/fixtures/screening-api-v8d/projection-registry.json	policy-prefix:test/fixtures/	100644	c4079b575a214763ff56c9b9d817d192e1286330
SELECT	test/fixtures/screening-api-v8d/realtime.request.json	policy-prefix:test/fixtures/	100644	75a4fb14adbe911e9c89c2dc46260e548a47d8cd
SELECT	test/fixtures/screening-api-v8d/unavailable-projection-upstream.response.json	policy-prefix:test/fixtures/	100644	2a02b3bde47ac6911ac264e7d727b40fdb88e476
SELECT	test/fixtures/screening-api-v8d/upstream-batch.response.json	policy-prefix:test/fixtures/	100644	efe5917b29c41024866286662ad984e26f79730c
SELECT	test/fixtures/screening-api-v8d/upstream-realtime.response.json	policy-prefix:test/fixtures/	100644	862de829c7446f2c3bc08278f44057f386a6613e
SELECT	test/fixtures/screening-api/README.md	policy-prefix:test/fixtures/	100644	fb69cb74d0cd6867c2ac301b930eeb41a9e4d498
SELECT	test/fixtures/screening-api/batch.request.json	policy-prefix:test/fixtures/	100644	a0854a9163148023f8536aa52cc3a951962e6557
SELECT	test/fixtures/screening-api/catalog-registry.json	policy-prefix:test/fixtures/	100644	bbf22dbaae803e442deafbbc1d665c70400bf4fa
SELECT	test/fixtures/screening-api/config.json	policy-prefix:test/fixtures/	100644	17d6d8558b000ec29af43078fba9969b7b54eb0c
SELECT	test/fixtures/screening-api/identifier-match.request.json	policy-prefix:test/fixtures/	100644	15206f05ccce55a1dca1576e4724b771a170d5e6
SELECT	test/fixtures/screening-api/mapping-registry.json	policy-prefix:test/fixtures/	100644	c1eee784fdb8a30edfa40d84694426fc16e81ce9
SELECT	test/fixtures/screening-api/name-match.request.json	policy-prefix:test/fixtures/	100644	6cb6ba5f119ba1f5c2d59a27f288ad82664636cf
SELECT	test/fixtures/screening-api/unmapped.request.json	policy-prefix:test/fixtures/	100644	5430f8abd5ff519806b5774059a69598037bc465
SELECT	test/fixtures/screening-ledger/fake-psql.sh	policy-prefix:test/fixtures/	100755	9155af29d33361c908d124195d0fbb9e1e72acf1
SELECT	test/fixtures/screening-ledger/request.json	policy-prefix:test/fixtures/	100644	2933ec666652ce5130803f9def1e045352877a1c
SELECT	test/fixtures/screening-ledger/response.json	policy-prefix:test/fixtures/	100644	fdf031e381311e543cf4650bb49d46a9800aa8a4
SELECT	test/fixtures/screening-ledger/snapshot-key.hex	policy-prefix:test/fixtures/	100644	10f6026c498e2b59c1e5a3975e6b2777911a6def
SELECT	test/fixtures/screening-ledger/state/events/9c15117914fe574d9af9b89279417f1312537b55f8f7462d320e1179515b2236.json	policy-prefix:test/fixtures/	100644	b3ba9dee5b4c1caa5e2ae9f0c1f582e24a338ad2
SELECT	test/fixtures/screening-ledger/state/head.json	policy-prefix:test/fixtures/	100644	cfcca69528448a1a118b6969ef146e6d20d2ff22
SELECT	test/fixtures/screening-ledger/state/ledger-id	policy-prefix:test/fixtures/	100644	9846fca923f733da939de9ea86a36671a22114be
SELECT	test/fixtures/screening-ledger/state/snapshots/7eee2afa9aa9552b3996989a62e58c55f08ca822e1b56de850962c21c794fd21.json	policy-prefix:test/fixtures/	100644	bc81c4b26c149f26e76db9decaeb26f85e80d27a
SELECT	test/fixtures/screening-ledger/state/snapshots/b27a67f0540f72eb32392b9d73dbc56467e8d3fe59a2b2754f70c5a462c74596.json	policy-prefix:test/fixtures/	100644	10a42f78910c447b3867b73415e0c2023e446a5e
SELECT	test/fixtures/update-manager/cluster-v1.json	policy-prefix:test/fixtures/	100644	2b3accaddb0248cb1eb29685e789e92d295d42bb
SELECT	test/fixtures/vendor-adapters/actimize-alert.json	policy-prefix:test/fixtures/	100644	d5e9cf088639400463abd62fc2d41bdecaebb808
SELECT	test/fixtures/vendor-adapters/fircosoft-alert.json	policy-prefix:test/fixtures/	100644	68a0ed2f51e0acc9ecd39480572d0fd6f10ed6f4
SELECT	test/fixtures/vendor-adapters/generic-alert.json	policy-prefix:test/fixtures/	100644	3590352e1357a8f962715f67619bf50f7a34fd5c
SELECT	test/fixtures/vendor-adapters/generic-unmapped-list.json	policy-prefix:test/fixtures/	100644	23f566e3d28a88735538bef1489d2df38549cbcf
SELECT	test/golden/activation-promotion/README.md	policy-prefix:test/golden/	100644	e98c3c31bba2ff668497f5d84b017931d4473439
SELECT	test/golden/alert-case/resolved-case.json	policy-prefix:test/golden/	100644	12e0dfcb6dfc7bbef208e8682af82903d4e353e6
SELECT	test/golden/alert-case/screening-alert.json	policy-prefix:test/golden/	100644	e4adf4b2d0b7dec8ad1d032aea4876504569e700
SELECT	test/golden/alert-list-mapping/README.md	policy-prefix:test/golden/	100644	0eac768861a937d79052407ae327c482f93b0af8
SELECT	test/golden/alert-list-mapping/batch-current.json	policy-prefix:test/golden/	100644	4877af0ee97060ba3b5d36de88e84eb9fac8a4fa
SELECT	test/golden/alert-list-mapping/registry.json	policy-prefix:test/golden/	100644	8aa06f68c196b64b77e8e53385688f484b67f7e0
SELECT	test/golden/alert-list-mapping/resolved-official.json	policy-prefix:test/golden/	100644	9fc072d1b9e3130996fa3effa0346143565ff02f
SELECT	test/golden/alert-list-mapping/resolved-provider.json	policy-prefix:test/golden/	100644	8154d7924db4a250e0d71e3cfabdfe40658b41c1
SELECT	test/golden/alert-list-mapping/unmapped-case-mismatch.json	policy-prefix:test/golden/	100644	ddcfe859e439089827bd59ad93a6ab7af76e10ca
SELECT	test/golden/alert-list-mapping/verify.json	policy-prefix:test/golden/	100644	3d0db2b20e89a448f258b6ad3148cc45908e0f53
SELECT	test/golden/candidate-scoring/README.md	policy-prefix:test/golden/	100644	199ba2665e748961bf416e85413a36b6ec42643c
SELECT	test/golden/candidate-scoring/batch.response.json	policy-prefix:test/golden/	100644	c3976e196146519a891937ba9faaa9a737a3bf09
SELECT	test/golden/candidate-scoring/dob-contradiction.response.json	policy-prefix:test/golden/	100644	3dff45a03c616a6496dc416b6fe414adedd1613b
SELECT	test/golden/candidate-scoring/realtime.response.json	policy-prefix:test/golden/	100644	84f704b8039c2d83bd1eaab257af0cdd933a2dd2
SELECT	test/golden/case-assistance/completed-assistance.json	policy-prefix:test/golden/	100644	d40154c666e300f5b272699d6f2665ec57f7fe2c
SELECT	test/golden/case-assistance/tenant-a-query.json	policy-prefix:test/golden/	100644	ba87dc110323d7beb81539f06bc48b5930f7571e
SELECT	test/golden/catalog-refresh/README.md	policy-prefix:test/golden/	100644	6b08a8adc6056d9da186c0ae589be07b2dd7d31e
SELECT	test/golden/catalog-refresh/base.catalog.json	policy-prefix:test/golden/	100644	6e4df1ccf9251a482c86b86d55f70503cfd3b31b
SELECT	test/golden/catalog-refresh/catalog-refresh-replay.json	policy-prefix:test/golden/	100644	66290d6c4401495c5cbc7d6b8c83772ceaa910df
SELECT	test/golden/catalog-refresh/large.catalog.json	policy-prefix:test/golden/	100644	152f4a680b19d61cb572132ddced29e5e36812fc
SELECT	test/golden/catalog-refresh/large.decision.json	policy-prefix:test/golden/	100644	d2212dfdbaeaf4a7df5b18fdd9534f48d91153f6
SELECT	test/golden/catalog-refresh/large.delta.json	policy-prefix:test/golden/	100644	740e6be219b1ac5033dd08833310f5460db02f40
SELECT	test/golden/catalog-refresh/small.catalog.json	policy-prefix:test/golden/	100644	0fbccc6bdd3f0196d76dcf296d211196b3581639
SELECT	test/golden/catalog-refresh/small.decision.json	policy-prefix:test/golden/	100644	82401abacb82363aeeba0675e49ae1abac0be529
SELECT	test/golden/catalog-refresh/small.delta.json	policy-prefix:test/golden/	100644	c6572b113a245d62cc142ef217799a2837e9f435
SELECT	test/golden/catalog-refresh/small.diff.json	policy-prefix:test/golden/	100644	c4029c0cd1caa789b9e00bcef9746a7dab14c0fe
SELECT	test/golden/catalog-refresh/threshold.catalog.json	policy-prefix:test/golden/	100644	03d4b1539e3974c3e2513dba84e039b67069cb8d
SELECT	test/golden/catalog-refresh/threshold.decision.json	policy-prefix:test/golden/	100644	a21456800a719db784543af50e7dc5a5dbe2dc7e
SELECT	test/golden/catalog-refresh/threshold.delta.json	policy-prefix:test/golden/	100644	cb1957ac3d52d771c09f94ec0292ffbb0dc90c18
SELECT	test/golden/catalog-registry/README.md	policy-prefix:test/golden/	100644	f848126bb7f5d9e8d7a2317bb691cb927574dbf1
SELECT	test/golden/catalog-registry/registry.json	policy-prefix:test/golden/	100644	80c2be52ba18f2f972c93bf3dc55342c921361a3
SELECT	test/golden/catalog-registry/verify.json	policy-prefix:test/golden/	100644	4c1a209926e25cd4ba3e83f8918f61c5ba6eda63
SELECT	test/golden/false-positive/README.md	policy-prefix:test/golden/	100644	93bce3e7568a2b9ec364f1a131eae8a11144e644
SELECT	test/golden/false-positive/pattern-classifications.json	policy-prefix:test/golden/	100644	dde619d34570ed8d86ffd0cb462b173968758ab7
SELECT	test/golden/false-positive/phase3b-contextual-classifications.json	policy-prefix:test/golden/	100644	5cf740c8255d1846b8a8f65dd2b66ce1b617e636
SELECT	test/golden/iso20022-phase9d/README.md	policy-prefix:test/golden/	100644	3873f2e2b787d19488eda0c1ce1a6046ef041361
SELECT	test/golden/iso20022-phase9d/all-families.batch.json	policy-prefix:test/golden/	100644	3bd9c2e94337afe6aea4d14e865e4baadaee3448
SELECT	test/golden/iso20022-phase9d/camt026.evidence.json	policy-prefix:test/golden/	100644	8ca9cc2cdaf6bfdb789393bb94954eb30a667691
SELECT	test/golden/iso20022-phase9d/camt026.projection.json	policy-prefix:test/golden/	100644	50297dc3c17e0df7f359e3d7abc4db35bb31bc61
SELECT	test/golden/iso20022-phase9d/camt027.evidence.json	policy-prefix:test/golden/	100644	5b1b913f2c4b0b6fcd5ee8ffa9235173551c579f
SELECT	test/golden/iso20022-phase9d/camt027.projection.json	policy-prefix:test/golden/	100644	ce5a2bb374a80bd59298844b3779347ab39f3879
SELECT	test/golden/iso20022-phase9d/camt028.evidence.json	policy-prefix:test/golden/	100644	7169ad2210d29aa6649612b516dfaf46700f6763
SELECT	test/golden/iso20022-phase9d/camt028.projection.json	policy-prefix:test/golden/	100644	e090ade59c2919bebdb57b92369a9b509ee027ef
SELECT	test/golden/iso20022-phase9d/camt029.evidence.json	policy-prefix:test/golden/	100644	22756617af019e8ebe591b1266ab3f022ad984c2
SELECT	test/golden/iso20022-phase9d/camt029.projection.json	policy-prefix:test/golden/	100644	719a3db88a58393023c1f491c10c2689cfb8fd49
SELECT	test/golden/iso20022-phase9d/camt053.evidence.json	policy-prefix:test/golden/	100644	d53801bf3e6adc94cb0f3abc23be0d76778564d8
SELECT	test/golden/iso20022-phase9d/camt053.projection.json	policy-prefix:test/golden/	100644	560f74aa34ccc9f89b67124da6e6e66402366b95
SELECT	test/golden/iso20022-phase9d/camt054.evidence.json	policy-prefix:test/golden/	100644	46a661fb97c608cbf78a29450dbffb79d3611a23
SELECT	test/golden/iso20022-phase9d/camt054.projection.json	policy-prefix:test/golden/	100644	0d08ccf83fa09d1a2ab5b95e396e4ac449456110
SELECT	test/golden/iso20022-phase9d/camt056.evidence.json	policy-prefix:test/golden/	100644	39317b696a9d58935ef2faa236c1418fd399f5a5
SELECT	test/golden/iso20022-phase9d/camt056.projection.json	policy-prefix:test/golden/	100644	6055d0f5066962ac4891daf2fcf57db97e657d64
SELECT	test/golden/iso20022-phase9d/pacs002.evidence.json	policy-prefix:test/golden/	100644	6a116a8319f9ff8300adb001df24862ab6e93b69
SELECT	test/golden/iso20022-phase9d/pacs002.projection.json	policy-prefix:test/golden/	100644	d7762a422e795cf0ecf35d2b4037f02400cc68e1
SELECT	test/golden/iso20022-phase9d/pacs004.evidence.json	policy-prefix:test/golden/	100644	6639df104e9b2253685fee38b5f3ff3483519aa4
SELECT	test/golden/iso20022-phase9d/pacs004.projection.json	policy-prefix:test/golden/	100644	3b3d72b33359aae7fdcf0e86df089122b875f15b
SELECT	test/golden/iso20022-phase9d/pacs008.evidence.json	policy-prefix:test/golden/	100644	08fdf786ddf448dbb3da163facfc92e651b03a8c
SELECT	test/golden/iso20022-phase9d/pacs008.projection.json	policy-prefix:test/golden/	100644	a56049ff4fc1da4c90abfa72e6b5ece3cf9945dc
SELECT	test/golden/iso20022-phase9d/pacs009-cov.evidence.json	policy-prefix:test/golden/	100644	283ca5965d624ee66d656db93d15eaf44ad77b57
SELECT	test/golden/iso20022-phase9d/pacs009-cov.projection.json	policy-prefix:test/golden/	100644	6fe04ac80a46f67ac02639ce94fd192e48d0218c
SELECT	test/golden/iso20022-phase9d/pacs009.evidence.json	policy-prefix:test/golden/	100644	48c7116f644d1cbb0b8b55aecb990178410d01f3
SELECT	test/golden/iso20022-phase9d/pacs009.projection.json	policy-prefix:test/golden/	100644	44968fb01b25b26dafe640c2a9d49b286e7ca5f7
SELECT	test/golden/iso20022-phase9d/pain001.evidence.json	policy-prefix:test/golden/	100644	30ca4557d03d0cde06695fa3ce5382ea59954476
SELECT	test/golden/iso20022-phase9d/pain001.projection.json	policy-prefix:test/golden/	100644	f751675d37592c742908fbc6f4f2543d9da2f9af
SELECT	test/golden/iso20022-phase9d/pain002.evidence.json	policy-prefix:test/golden/	100644	b65107dcbbfb0946027ce8966a99ac01c6a8b699
SELECT	test/golden/iso20022-phase9d/pain002.projection.json	policy-prefix:test/golden/	100644	acad0906074e8152878bda55b9ad92f21c969491
SELECT	test/golden/iso20022/pacs008/README.md	policy-prefix:test/golden/	100644	73b8714ae2b7d9764432481001978900fe65811b
SELECT	test/golden/iso20022/pacs008/pacs008-basic.candidate-results.json	policy-prefix:test/golden/	100644	8c0e2054c8421621e43737403eaf9e12c41df8ad
SELECT	test/golden/iso20022/pacs008/pacs008-basic.canonical.json	policy-prefix:test/golden/	100644	50859df2aa902378822e81e33fd2cb807efde6cd
SELECT	test/golden/iso20022/pacs008/pacs008-basic.evidence.json	policy-prefix:test/golden/	100644	814b3d07431b9a8c863280a82c26dc472cbb27e9
SELECT	test/golden/iso20022/pacs008/pacs008-basic.matcher-requests.json	policy-prefix:test/golden/	100644	17cf397bc72b3d8ff83ba013c5a094dde767bcf7
SELECT	test/golden/iso20022/pacs008/pacs008-basic.provider-replay.json	policy-prefix:test/golden/	100644	dcda6ad7db905c051c0749e7f306b57bb1a2b0d1
SELECT	test/golden/iso20022/pacs008/pacs008-basic.replay.json	policy-prefix:test/golden/	100644	76555af87725bda6f3d651c45154e9ca7db7fb1b
SELECT	test/golden/iso20022/pacs008/pacs008-multi-transaction.candidate-results.json	policy-prefix:test/golden/	100644	45fe9aca48fb1fbbdfa8204be8ac8a80a086177b
SELECT	test/golden/iso20022/pacs008/pacs008-multi-transaction.evidence.json	policy-prefix:test/golden/	100644	1ba37dc4bc2ce1a3ef8906255195c4bff6b4f554
SELECT	test/golden/iso20022/pacs008/pacs008-multi-transaction.matcher-requests.json	policy-prefix:test/golden/	100644	04d12ff0e2403361406bf9b9acc04b249336a504
SELECT	test/golden/live-source/README.md	policy-prefix:test/golden/	100644	685dbade1d6e6f8e07130b5ed95337bb84b4d74d
SELECT	test/golden/live-source/opensanctions-provider-catalog.json	policy-prefix:test/golden/	100644	b4a8ebf8f7aa89ab1251f2f7429aaed5db64b565
SELECT	test/golden/live-source/opensanctions-provider-snapshot.json	policy-prefix:test/golden/	100644	570f51cbc2ed85b94ba7a22ce432e8c6a7b98930
SELECT	test/golden/live-source/opensanctions-source-manifest.json	policy-prefix:test/golden/	100644	4cc37276fc909e8fa9e9737ac8c4636bb85bb2ed
SELECT	test/golden/matcher-baseline/README.md	policy-prefix:test/golden/	100644	add946a0a23a15306bb4cb34c7fd63827889e56c
SELECT	test/golden/matcher-baseline/pacs008-fuzzy-names.matcher-requests.json	policy-prefix:test/golden/	100644	7048efb98fa9c06d61be14cec99e49b142cc8a43
SELECT	test/golden/matcher-baseline/pacs008-fuzzy-names.provider-replay.json	policy-prefix:test/golden/	100644	117b8ae5c83673f110f65763d2d860e6c9385263
SELECT	test/golden/matcher-baseline/pacs008-fuzzy-names.replay.json	policy-prefix:test/golden/	100644	acda78ae75c0ebe93a4b5d333de4742631c2f2b8
SELECT	test/golden/matcher-baseline/pacs008-fuzzy-names.results.json	policy-prefix:test/golden/	100644	71342aa827ab605229c337b8ea873399e98b99f2
SELECT	test/golden/matcher-context/README.md	policy-prefix:test/golden/	100644	c16eef7d95bc6930bb42c72a45c08973bccc7c0a
SELECT	test/golden/matcher-context/pacs008-contextual.matcher-requests.json	policy-prefix:test/golden/	100644	0a99f46875d0c99fd728fdd0551bb32f603608d1
SELECT	test/golden/matcher-context/pacs008-contextual.provider-replay.json	policy-prefix:test/golden/	100644	3be2a742ca46b77271fa4446991fb246be5950eb
SELECT	test/golden/matcher-context/pacs008-contextual.replay.json	policy-prefix:test/golden/	100644	aba07f1ce9c3880893ef425d7712281e20b65ae1
SELECT	test/golden/matcher-context/pacs008-contextual.results.json	policy-prefix:test/golden/	100644	637833d46da0126d9facfd36e47a0c7247e052b2
SELECT	test/golden/ofac-advanced/README.md	policy-prefix:test/golden/	100644	ec21aa4e6de23092850818b4f7daf32c3e431b31
SELECT	test/golden/ofac-advanced/advanced-legacy-parity.json	policy-prefix:test/golden/	100644	acbdd32f15b43648f4d6d74fc8ee158077f08e24
SELECT	test/golden/ofac-advanced/ofac-advanced-canonical.json	policy-prefix:test/golden/	100644	33be576714245424e2902fb51a838227e3ac52f7
SELECT	test/golden/ofac-advanced/ofac-sdn-catalog.json	policy-prefix:test/golden/	100644	897021dccb745d130a1f0db560d1ba2d32559bf0
SELECT	test/golden/ofac-advanced/source-manifest.json	policy-prefix:test/golden/	100644	ad65e818abc585bbb61818e774f1d4ce58a58b49
SELECT	test/golden/ofac/ofac-sdn-fixture-v2.activation.json	policy-prefix:test/golden/	100644	0f7939f0ddc8c5aa6386a429375a235808be811c
SELECT	test/golden/ofac/ofac-sdn-fixture-v2.runtime-info.json	policy-prefix:test/golden/	100644	5e9db428de21757a2a8e694adab8979ab0ba78ef
SELECT	test/golden/ofac/ofac-sdn-fixture-v2.runtime.owpcat	policy-prefix:test/golden/	100644	b23d200e36649ea537fad2b5fb8d80f16fa0d772
SELECT	test/golden/ofac/ofac-sdn-fixture.activation.json	policy-prefix:test/golden/	100644	2a530ec13cc3e71ff6294bae54f33154b421f333
SELECT	test/golden/ofac/ofac-sdn-fixture.active.json	policy-prefix:test/golden/	100644	017e7bb40557ca192f931dd6331a70d06b70cf8d
SELECT	test/golden/ofac/ofac-sdn-fixture.candidate-results.json	policy-prefix:test/golden/	100644	60a1cfce32b3beee8f512630841f4c7302545056
SELECT	test/golden/ofac/ofac-sdn-fixture.catalog.json	policy-prefix:test/golden/	100644	f05eaffacb05fd862eea27a790f1692ba4c861d9
SELECT	test/golden/ofac/ofac-sdn-fixture.manifest.json	policy-prefix:test/golden/	100644	018abb08b98dfd5ce144ea8e7639c92104ce1c89
SELECT	test/golden/ofac/ofac-sdn-fixture.readiness.json	policy-prefix:test/golden/	100644	9ee002d29bc9d478e9d9868c0d5abd1e2b01aa2d
SELECT	test/golden/ofac/ofac-sdn-fixture.rollback.json	policy-prefix:test/golden/	100644	d39db310094c4271fb3807e8ec6a8758cc5ea404
SELECT	test/golden/ofac/ofac-sdn-fixture.runtime-candidate-results.json	policy-prefix:test/golden/	100644	0a4e560b36f301ef1a6fad7fda49da2199068d56
SELECT	test/golden/ofac/ofac-sdn-fixture.runtime-info.json	policy-prefix:test/golden/	100644	587bb940da04413d7c9f6dfa5e78aff910e63b87
SELECT	test/golden/ofac/ofac-sdn-fixture.runtime.owpcat	policy-prefix:test/golden/	100644	5a490e7177977ffcb0302be709df8463b6c5aec1
SELECT	test/golden/policy/README.md	policy-prefix:test/golden/	100644	06d5092c1ec50abdc307aed49373c707083930c3
SELECT	test/golden/policy/pattern-decisions-conservative-overlay.json	policy-prefix:test/golden/	100644	0ea7d4bc80ce17b27928928fcf2b21fe92cfa30d
SELECT	test/golden/policy/pattern-decisions.json	policy-prefix:test/golden/	100644	c7ec1d293bfe5958c9926d4387bfe385defaec88
SELECT	test/golden/policy/phase3b-contextual-decisions.json	policy-prefix:test/golden/	100644	a4ebccb466541818dc24238b50fcde3087349714
SELECT	test/golden/production/completed-outbox-status.json	policy-prefix:test/golden/	100644	2498b450f6bdab440e25455904c248776a6a73e9
SELECT	test/golden/projection-package/README.md	policy-prefix:test/golden/	100644	a9b1b8ac1996f6b3ff2959d5190f8849d437d22d
SELECT	test/golden/provider-entity/README.md	policy-prefix:test/golden/	100644	166c78532c4a5af886830d80fef252ad4f525367
SELECT	test/golden/provider-entity/catalog-comparison.json	policy-prefix:test/golden/	100644	62f48952aabfcfb2410de9271de16cead08a93c4
SELECT	test/golden/provider-entity/hybrid-overlay-results.json	policy-prefix:test/golden/	100644	0b5241cb03eb8d8441919bc5e4809804b020804f
SELECT	test/golden/provider-entity/hybrid-review-run.json	policy-prefix:test/golden/	100644	469ce659c2751f8e443507fa73c8386be79d8783
SELECT	test/golden/provider-entity/provider-catalog.json	policy-prefix:test/golden/	100644	caad217d02ac78a8b74fb5db14a69a671d9c68a0
SELECT	test/golden/provider-entity/provider-entity-results.json	policy-prefix:test/golden/	100644	f63cd6521dd32dcfeec59729940b9bae3c8af718
SELECT	test/golden/provider-refresh/README.md	policy-prefix:test/golden/	100644	4255226e6935cb8ba110f0a20793352338331536
SELECT	test/golden/provider-refresh/blocked-analysis.json	policy-prefix:test/golden/	100644	262dc1224a48ac4ed21e6d629fa446e0cc32b7f5
SELECT	test/golden/provider-refresh/catalog-final.json	policy-prefix:test/golden/	100644	037eaeab57871a10dd95f08eaf5bf566615ab694
SELECT	test/golden/provider-refresh/catalog-promoted.json	policy-prefix:test/golden/	100644	aeed3bcb6676a58b5546e0d0c257b6e1190a938c
SELECT	test/golden/provider-refresh/decision.json	policy-prefix:test/golden/	100644	cc6a2099ecef58f1976d30f9e8b2469f0d067c91
SELECT	test/golden/provider-refresh/promotion.json	policy-prefix:test/golden/	100644	5f47eeabeb5abc76619b13162be4d93a29c6a31f
SELECT	test/golden/provider-refresh/ready-analysis.json	policy-prefix:test/golden/	100644	274eaa6ee4fedc8b97c18a0382f6c4e9d6830b46
SELECT	test/golden/provider-refresh/registry-final.json	policy-prefix:test/golden/	100644	848b4bd00d4c5f5d1da463d4d38159dd4ca40797
SELECT	test/golden/provider-refresh/resolved-after-promotion.json	policy-prefix:test/golden/	100644	89192ddb1a34cbe7ab712b54946d94a063a0af56
SELECT	test/golden/provider-refresh/resolved-after-rollback.json	policy-prefix:test/golden/	100644	4e41d76facf091adbe1bc06f657e7352e2346f22
SELECT	test/golden/provider-refresh/rollback.json	policy-prefix:test/golden/	100644	7ef1add7c2f3f909808f5327625360ea9d0c0426
SELECT	test/golden/provider-refresh/verify-final.json	policy-prefix:test/golden/	100644	2517db758fd6cea1ac0d00528299387f92505fdd
SELECT	test/golden/rag/README.md	policy-prefix:test/golden/	100644	df60f74bc00887d31e491fa3cd5bcebc1dfee0b8
SELECT	test/golden/rag/corpus-snapshot.json	policy-prefix:test/golden/	100644	e7f9cbd66d8ec0167a66f6416b80a4c5a4e4de90
SELECT	test/golden/rag/entity-type-analyst-note.json	policy-prefix:test/golden/	100644	ae05ad7873fda545658f781bd9576e6e962f7956
SELECT	test/golden/rag/entity-type-citations.json	policy-prefix:test/golden/	100644	2dbc10dc38673c31e7ba9c2945bb02f37fe27e16
SELECT	test/golden/rag/entity-type-decision-citations.json	policy-prefix:test/golden/	100644	490df7954b70ef85602c66ef04095f38cc89f827
SELECT	test/golden/release-qualification/qualified-report.json	policy-prefix:test/golden/	100644	698e6d4eaee82d53f8844f79476d3aeec7f36b23
SELECT	test/golden/review/README.md	policy-prefix:test/golden/	100644	a0bfdd9ec7737bfb0b485e17e35305aa57c287dc
SELECT	test/golden/review/entity-type-review-run.json	policy-prefix:test/golden/	100644	38a1a70236ae5149cb729dd231173bf7cc630653
SELECT	test/golden/runtime-mmap/README.md	policy-prefix:test/golden/	100644	84f8d3965886f0cdfb5bbc2ad66ae39bd20e11ea
SELECT	test/golden/runtime-mmap/ofac-fixture.info.json	policy-prefix:test/golden/	100644	df3229f7b6f74a50b51e3e9b1a0ee572e8cae394
SELECT	test/golden/runtime-mmap/ofac-fixture.owmmap	policy-prefix:test/golden/	100644	91cb6a0339fa331f805e3ed578923fc731993e5f
SELECT	test/golden/screening-api-v8d/README.md	policy-prefix:test/golden/	100644	d55b397044e1549a27da1b5c99202edb80bcd93d
SELECT	test/golden/screening-api-v8d/batch.response.json	policy-prefix:test/golden/	100644	a86b193a426b25b1393770eb27b1c101c6ab63a7
SELECT	test/golden/screening-api-v8d/ready.response.json	policy-prefix:test/golden/	100644	97134c47864ab77082729da00f59f20c9ad323ba
SELECT	test/golden/screening-api-v8d/realtime.response.json	policy-prefix:test/golden/	100644	ffdb0747cc824fedbf710eea21ab3b75b1dbdb51
SELECT	test/golden/screening-ledger/event.json	policy-prefix:test/golden/	100644	5d034283700a6bfe551b0902b54e7f61ffa6086e
SELECT	test/golden/update-manager/README.md	policy-prefix:test/golden/	100644	91b41cb137ba57bf860cb6a2eb25f2091d79811c
SELECT	test/golden/update-manager/distributed-update-replay.json	policy-prefix:test/golden/	100644	bcc3ac8c4b80cf7cc9c03c61e9007b888fb0399d
SELECT	test/golden/vendor-adapters/generic-envelope.json	policy-prefix:test/golden/	100644	7b18b465941b7c6e5d0e21927417adaa61d8a943
EXCLUDE	.dockerignore	not-allowlisted	-	-
EXCLUDE	.github/ISSUE_TEMPLATE/bug_report.yml	deny-glob:.github/**	-	-
EXCLUDE	.github/dependabot.yml	deny-glob:.github/**	-	-
EXCLUDE	.github/workflows/ci.yml	deny-glob:.github/**	-	-
EXCLUDE	.github/workflows/release.yml	deny-glob:.github/**	-	-
EXCLUDE	.gitignore	not-allowlisted	-	-
EXCLUDE	.gitleaksignore	not-allowlisted	-	-
EXCLUDE	CHANGELOG.md	not-allowlisted	-	-
EXCLUDE	Dockerfile	not-allowlisted	-	-
EXCLUDE	README.md	not-allowlisted	-	-
EXCLUDE	VERSION	not-allowlisted	-	-
EXCLUDE	cmd/homelab-qualification/main.go	deny-glob:cmd/homelab*/**	-	-
EXCLUDE	cmd/homelab-qualification/main_test.go	deny-glob:cmd/homelab*/**	-	-
EXCLUDE	cmd/homelab-testdata-validate/main.go	deny-glob:cmd/homelab*/**	-	-
EXCLUDE	deploy/homelab/README.md	deny-glob:deploy/**	-	-
EXCLUDE	deploy/homelab/g732/compose.yml	deny-glob:deploy/**	-	-
EXCLUDE	deploy/homelab/inventory.env.example	deny-glob:deploy/**	-	-
EXCLUDE	deploy/homelab/optiplex-1/compose.yml	deny-glob:deploy/**	-	-
EXCLUDE	deploy/homelab/optiplex-1/default.conf.template	deny-glob:deploy/**	-	-
EXCLUDE	deploy/homelab/optiplex-1/nginx.conf	deny-glob:deploy/**	-	-
EXCLUDE	deploy/homelab/optiplex-1/rootless-entrypoint.sh	deny-glob:deploy/**	-	-
EXCLUDE	deploy/homelab/optiplex-2/README.md	deny-glob:deploy/**	-	-
EXCLUDE	deploy/homelab/p50/README.md	deny-glob:deploy/**	-	-
EXCLUDE	deploy/homelab/release-lock.json	deny-glob:deploy/**	-	-
EXCLUDE	deploy/homelab/source-urls.env.example	deny-glob:deploy/**	-	-
EXCLUDE	deploy/phase11/.env.example	deny-glob:**/.env.*	-	-
EXCLUDE	deploy/phase11/Dockerfile.phase10	deny-glob:deploy/**	-	-
EXCLUDE	deploy/phase11/migrate.sh	deny-glob:deploy/**	-	-
EXCLUDE	deploy/phase11/nginx.conf	deny-glob:deploy/**	-	-
EXCLUDE	deploy/phase9g/container-security.json	deny-glob:deploy/**	-	-
EXCLUDE	deploy/phase9g/nginx.conf.example	deny-glob:deploy/**	-	-
EXCLUDE	deploy/phase9g/openwatchlist-platform.service	deny-glob:deploy/**	-	-
EXCLUDE	deploy/phase9g/platform.env.example	deny-glob:deploy/**	-	-
EXCLUDE	docker-compose.yml	not-allowlisted	-	-
EXCLUDE	docs/architecture.md	not-allowlisted	-	-
EXCLUDE	docs/deployment.md	not-allowlisted	-	-
EXCLUDE	docs/iso20022-screening.md	not-allowlisted	-	-
EXCLUDE	docs/list-provider-strategy.md	not-allowlisted	-	-
EXCLUDE	docs/list-update-architecture.md	not-allowlisted	-	-
EXCLUDE	docs/llm-governance.md	not-allowlisted	-	-
EXCLUDE	docs/migration/openwatchlist-clean-restart-r0.md	not-allowlisted	-	-
EXCLUDE	docs/migration/openwatchlist-secret-retirement-checklist.md	not-allowlisted	-	-
EXCLUDE	docs/phase1-iso20022-canonical.md	not-allowlisted	-	-
EXCLUDE	docs/phase10-evaluation-release-qualification.md	not-allowlisted	-	-
EXCLUDE	docs/phase11-github-release-rc2.md	not-allowlisted	-	-
EXCLUDE	docs/phase11-open-source-release-packaging.md	not-allowlisted	-	-
EXCLUDE	docs/phase1b-screening-evidence.md	not-allowlisted	-	-
EXCLUDE	docs/phase1c-matcher-requests-replay.md	not-allowlisted	-	-
EXCLUDE	docs/phase1d-matcher-provider-results.md	not-allowlisted	-	-
EXCLUDE	docs/phase2a-ofac-ingestion.md	not-allowlisted	-	-
EXCLUDE	docs/phase2b-compiled-runtime-activation.md	not-allowlisted	-	-
EXCLUDE	docs/phase2c-update-manager-distributed-activation.md	not-allowlisted	-	-
EXCLUDE	docs/phase2d-delta-refresh-promotion.md	not-allowlisted	-	-
EXCLUDE	docs/phase3a-deterministic-name-matcher.md	not-allowlisted	-	-
EXCLUDE	docs/phase3b-contextual-geography-remittance.md	not-allowlisted	-	-
EXCLUDE	docs/phase4a-false-positive-classifier.md	not-allowlisted	-	-
EXCLUDE	docs/phase4a-r2-countervailing-evidence-repair.md	not-allowlisted	-	-
EXCLUDE	docs/phase5a-configurable-policy.md	not-allowlisted	-	-
EXCLUDE	docs/phase6a-rag-analyst-note.md	not-allowlisted	-	-
EXCLUDE	docs/phase6b-review-orchestration.md	not-allowlisted	-	-
EXCLUDE	docs/phase7a-provider-ready-catalog.md	not-allowlisted	-	-
EXCLUDE	docs/phase7b-live-source-provenance.md	not-allowlisted	-	-
EXCLUDE	docs/phase7ca-ofac-advanced-xml.md	not-allowlisted	-	-
EXCLUDE	docs/phase7cb-catalog-component-registry.md	not-allowlisted	-	-
EXCLUDE	docs/phase7cc-exact-alert-list-mapping.md	not-allowlisted	-	-
EXCLUDE	docs/phase7cd-provider-refresh-governance.md	not-allowlisted	-	-
EXCLUDE	docs/phase8-completion.md	not-allowlisted	-	-
EXCLUDE	docs/phase8-runtime-operations.md	not-allowlisted	-	-
EXCLUDE	docs/phase8a-runtime-package-boundary.md	not-allowlisted	-	-
EXCLUDE	docs/phase8a-rust-memory-mapped-runtime.md	not-allowlisted	-	-
EXCLUDE	docs/phase8b-realtime-batch-screening-api.md	not-allowlisted	-	-
EXCLUDE	docs/phase8c-deterministic-candidate-scoring.md	not-allowlisted	-	-
EXCLUDE	docs/phase8d-scoring-integrated-screening-api.md	not-allowlisted	-	-
EXCLUDE	docs/phase8e-catalog-derived-projections-and-atomic-activation.md	not-allowlisted	-	-
EXCLUDE	docs/phase8f-controlled-promotion-canary-audit.md	not-allowlisted	-	-
EXCLUDE	docs/phase8g-durable-screening-ledger-postgres-audit.md	not-allowlisted	-	-
EXCLUDE	docs/phase9-plan.md	not-allowlisted	-	-
EXCLUDE	docs/phase9ab-deterministic-alert-case-backend.md	not-allowlisted	-	-
EXCLUDE	docs/phase9c-governed-rag-larger-model-assistance.md	not-allowlisted	-	-
EXCLUDE	docs/phase9d-complete-iso20022-message-family-coverage.md	not-allowlisted	-	-
EXCLUDE	docs/phase9e-governed-vendor-adapters.md	not-allowlisted	-	-
EXCLUDE	docs/phase9f-auth-rbac-review-console.md	not-allowlisted	-	-
EXCLUDE	docs/phase9g-production-hardening-resilience-observability-recovery.md	not-allowlisted	-	-
EXCLUDE	docs/product-positioning.md	not-allowlisted	-	-
EXCLUDE	docs/rag-architecture.md	not-allowlisted	-	-
EXCLUDE	docs/release-process.md	not-allowlisted	-	-
EXCLUDE	docs/testing/homelab-binding-candidate-v1-audit.md	not-allowlisted	-	-
EXCLUDE	docs/testing/homelab-complete-v2-binding-rematerialization.md	not-allowlisted	-	-
EXCLUDE	docs/testing/homelab-frozen-source-lock-finalization.md	not-allowlisted	-	-
EXCLUDE	docs/testing/homelab-governed-binding-recommendations.md	not-allowlisted	-	-
EXCLUDE	docs/testing/homelab-governed-binding-selection.md	not-allowlisted	-	-
EXCLUDE	docs/testing/homelab-h1-deployment-test-harness.md	not-allowlisted	-	-
EXCLUDE	docs/testing/homelab-h1-r2-clean-room-reset.md	not-allowlisted	-	-
EXCLUDE	docs/testing/homelab-h1-r2-provider-activation.md	not-allowlisted	-	-
EXCLUDE	docs/testing/homelab-h1-r2-provider-contract-lineage.md	not-allowlisted	-	-
EXCLUDE	docs/testing/homelab-h1-r2-runtime-topology.md	not-allowlisted	-	-
EXCLUDE	docs/testing/homelab-load-context-v2-resolution.md	not-allowlisted	-	-
EXCLUDE	docs/testing/homelab-ofac-opensanctions-functional-test-plan.md	not-allowlisted	-	-
EXCLUDE	docs/testing/homelab-planner-candidate-resolution.md	not-allowlisted	-	-
EXCLUDE	docs/testing/homelab-promoted-binding-source-lock-alignment.md	not-allowlisted	-	-
EXCLUDE	docs/testing/homelab-real-source-binding-review.md	not-allowlisted	-	-
EXCLUDE	rust-toolchain.toml	not-allowlisted	-	-
EXCLUDE	scripts/clean-restart/openwatchlist-clean-restart-r0.sh	not-allowlisted	-	-
EXCLUDE	scripts/clean-restart/openwatchlist_clean_restart_r0.py	not-allowlisted	-	-
EXCLUDE	scripts/clean-restart/tests/test_openwatchlist_clean_restart_r0.py	not-allowlisted	-	-
EXCLUDE	scripts/homelab/common.sh	deny-glob:scripts/homelab*/**	-	-
EXCLUDE	scripts/homelab/h1-align-promoted-binding-source-lock.py	deny-glob:scripts/homelab*/**	-	-
EXCLUDE	scripts/homelab/h1-apply-governed-binding-recommendations.py	deny-glob:scripts/homelab*/**	-	-
EXCLUDE	scripts/homelab/h1-apply-governed-binding-recommendations.sh	deny-glob:scripts/homelab*/**	-	-
EXCLUDE	scripts/homelab/h1-audit-binding-candidates.py	deny-glob:scripts/homelab*/**	-	-
EXCLUDE	scripts/homelab/h1-binding-review.py	deny-glob:scripts/homelab*/**	-	-
EXCLUDE	scripts/homelab/h1-binding-review.sh	deny-glob:scripts/homelab*/**	-	-
EXCLUDE	scripts/homelab/h1-configure-ghcr-auth.sh	deny-glob:scripts/homelab*/**	-	-
EXCLUDE	scripts/homelab/h1-deploy.sh	deny-glob:scripts/homelab*/**	-	-
EXCLUDE	scripts/homelab/h1-discover-opensanctions-url.py	deny-glob:scripts/homelab*/**	-	-
EXCLUDE	scripts/homelab/h1-finalize-source-lock.sh	deny-glob:scripts/homelab*/**	-	-
EXCLUDE	scripts/homelab/h1-freeze-sources.sh	deny-glob:scripts/homelab*/**	-	-
EXCLUDE	scripts/homelab/h1-generate-binding-candidates.sh	deny-glob:scripts/homelab*/**	-	-
EXCLUDE	scripts/homelab/h1-governed-binding.py	deny-glob:scripts/homelab*/**	-	-
EXCLUDE	scripts/homelab/h1-governed-binding.sh	deny-glob:scripts/homelab*/**	-	-
EXCLUDE	scripts/homelab/h1-init.sh	deny-glob:scripts/homelab*/**	-	-
EXCLUDE	scripts/homelab/h1-issue-token.sh	deny-glob:scripts/homelab*/**	-	-
EXCLUDE	scripts/homelab/h1-patch-load-context-v2-resolution.py	deny-glob:scripts/homelab*/**	-	-
EXCLUDE	scripts/homelab/h1-patch-planner-candidate-resolution.py	deny-glob:scripts/homelab*/**	-	-
EXCLUDE	scripts/homelab/h1-plan-tests.sh	deny-glob:scripts/homelab*/**	-	-
EXCLUDE	scripts/homelab/h1-preflight.sh	deny-glob:scripts/homelab*/**	-	-
EXCLUDE	scripts/homelab/h1-r2-clean-room.py	deny-glob:scripts/homelab*/**	-	-
EXCLUDE	scripts/homelab/h1-r2-clean-room.sh	deny-glob:scripts/homelab*/**	-	-
EXCLUDE	scripts/homelab/h1-r2-provider-activation.py	deny-glob:scripts/homelab*/**	-	-
EXCLUDE	scripts/homelab/h1-r2-provider-activation.sh	deny-glob:scripts/homelab*/**	-	-
EXCLUDE	scripts/homelab/h1-r2-provider-contract.py	deny-glob:scripts/homelab*/**	-	-
EXCLUDE	scripts/homelab/h1-r2-provider-contract.sh	deny-glob:scripts/homelab*/**	-	-
EXCLUDE	scripts/homelab/h1-r2-runtime-topology.py	deny-glob:scripts/homelab*/**	-	-
EXCLUDE	scripts/homelab/h1-r2-runtime-topology.sh	deny-glob:scripts/homelab*/**	-	-
EXCLUDE	scripts/homelab/h1-rematerialize-complete-v2-binding.py	deny-glob:scripts/homelab*/**	-	-
EXCLUDE	scripts/homelab/h1-remote-finalize-source-lock.py	deny-glob:scripts/homelab*/**	-	-
EXCLUDE	scripts/homelab/h1-remote-freeze-sources.sh	deny-glob:scripts/homelab*/**	-	-
EXCLUDE	scripts/homelab/h1-remote-generate-binding-candidates.py	deny-glob:scripts/homelab*/**	-	-
EXCLUDE	scripts/homelab/h1-smoke.sh	deny-glob:scripts/homelab*/**	-	-
EXCLUDE	scripts/homelab/h1-stage.sh	deny-glob:scripts/homelab*/**	-	-
EXCLUDE	scripts/homelab/h1-status.sh	deny-glob:scripts/homelab*/**	-	-
EXCLUDE	scripts/homelab/h1-teardown.sh	deny-glob:scripts/homelab*/**	-	-
EXCLUDE	scripts/homelab/h1-verify-promoted-binding-source-lock-alignment.py	deny-glob:scripts/homelab*/**	-	-
EXCLUDE	scripts/homelab/tests/test_h1_complete_v2_rematerialization.py	deny-glob:scripts/homelab*/**	-	-
EXCLUDE	scripts/homelab/tests/test_h1_governed_binding.py	deny-glob:scripts/homelab*/**	-	-
EXCLUDE	scripts/homelab/tests/test_h1_governed_binding_recommendations.py	deny-glob:scripts/homelab*/**	-	-
EXCLUDE	scripts/homelab/tests/test_h1_load_context_v2_resolution_repair.py	deny-glob:scripts/homelab*/**	-	-
EXCLUDE	scripts/homelab/tests/test_h1_planner_candidate_resolution_repair.py	deny-glob:scripts/homelab*/**	-	-
EXCLUDE	scripts/homelab/tests/test_h1_promoted_binding_source_lock_alignment.py	deny-glob:scripts/homelab*/**	-	-
EXCLUDE	scripts/homelab/tests/test_h1_r2_clean_room.py	deny-glob:scripts/homelab*/**	-	-
EXCLUDE	scripts/homelab/tests/test_h1_r2_provider_activation.py	deny-glob:scripts/homelab*/**	-	-
EXCLUDE	scripts/homelab/tests/test_h1_r2_provider_contract.py	deny-glob:scripts/homelab*/**	-	-
EXCLUDE	scripts/homelab/tests/test_h1_r2_runtime_topology.py	deny-glob:scripts/homelab*/**	-	-
EXCLUDE	scripts/release/benchmark-release.sh	deny-glob:scripts/release/**	-	-
EXCLUDE	scripts/release/build-github-release-assets.sh	deny-glob:scripts/release/**	-	-
EXCLUDE	scripts/release/build-images.sh	deny-glob:scripts/release/**	-	-
EXCLUDE	scripts/release/common.sh	deny-glob:scripts/release/**	-	-
EXCLUDE	scripts/release/compose-smoke.sh	deny-glob:scripts/release/**	-	-
EXCLUDE	scripts/release/generate-sboms.sh	deny-glob:scripts/release/**	-	-
EXCLUDE	scripts/release/init-release-env.sh	deny-glob:scripts/release/**	-	-
EXCLUDE	scripts/release/issue-demo-token.sh	deny-glob:scripts/release/**	-	-
EXCLUDE	scripts/release/package-release.sh	deny-glob:scripts/release/**	-	-
EXCLUDE	scripts/release/preflight.sh	deny-glob:scripts/release/**	-	-
EXCLUDE	scripts/release/qualify-release.sh	deny-glob:scripts/release/**	-	-
EXCLUDE	scripts/release/scan-release.sh	deny-glob:scripts/release/**	-	-
EXCLUDE	scripts/release/upgrade-rollback.sh	deny-glob:scripts/release/**	-	-
EXCLUDE	scripts/validate_homelab_binding_review.sh	not-allowlisted	-	-
EXCLUDE	scripts/validate_homelab_complete_v2_rematerialization.sh	not-allowlisted	-	-
EXCLUDE	scripts/validate_homelab_governed_binding.sh	not-allowlisted	-	-
EXCLUDE	scripts/validate_homelab_governed_binding_recommendations.sh	not-allowlisted	-	-
EXCLUDE	scripts/validate_homelab_h1.sh	not-allowlisted	-	-
EXCLUDE	scripts/validate_homelab_h1_r2_clean_room.sh	not-allowlisted	-	-
EXCLUDE	scripts/validate_homelab_h1_r2_provider_activation.sh	not-allowlisted	-	-
EXCLUDE	scripts/validate_homelab_h1_r2_provider_contract.sh	not-allowlisted	-	-
EXCLUDE	scripts/validate_homelab_h1_r2_runtime_topology.sh	not-allowlisted	-	-
EXCLUDE	scripts/validate_homelab_load_context_v2_resolution.sh	not-allowlisted	-	-
EXCLUDE	scripts/validate_homelab_planner_candidate_resolution.sh	not-allowlisted	-	-
EXCLUDE	scripts/validate_homelab_promoted_binding_source_lock_alignment.sh	not-allowlisted	-	-
EXCLUDE	scripts/validate_homelab_source_lock.sh	not-allowlisted	-	-
EXCLUDE	scripts/validate_openwatchlist_clean_restart_r0.sh	not-allowlisted	-	-
EXCLUDE	scripts/validate_phase0.sh	not-allowlisted	-	-
EXCLUDE	scripts/validate_phase1.sh	not-allowlisted	-	-
EXCLUDE	scripts/validate_phase10.sh	not-allowlisted	-	-
EXCLUDE	scripts/validate_phase10_postgres.sh	not-allowlisted	-	-
EXCLUDE	scripts/validate_phase11.sh	not-allowlisted	-	-
EXCLUDE	scripts/validate_phase11_postgres.sh	not-allowlisted	-	-
EXCLUDE	scripts/validate_phase1b.sh	not-allowlisted	-	-
EXCLUDE	scripts/validate_phase1c.sh	not-allowlisted	-	-
EXCLUDE	scripts/validate_phase1d.sh	not-allowlisted	-	-
EXCLUDE	scripts/validate_phase2a.sh	not-allowlisted	-	-
EXCLUDE	scripts/validate_phase2b.sh	not-allowlisted	-	-
EXCLUDE	scripts/validate_phase2c.sh	not-allowlisted	-	-
EXCLUDE	scripts/validate_phase2d.sh	not-allowlisted	-	-
EXCLUDE	scripts/validate_phase3a.sh	not-allowlisted	-	-
EXCLUDE	scripts/validate_phase3b.sh	not-allowlisted	-	-
EXCLUDE	scripts/validate_phase4a.sh	not-allowlisted	-	-
EXCLUDE	scripts/validate_phase4a_r2.sh	not-allowlisted	-	-
EXCLUDE	scripts/validate_phase5a.sh	not-allowlisted	-	-
EXCLUDE	scripts/validate_phase6a.sh	not-allowlisted	-	-
EXCLUDE	scripts/validate_phase6b.sh	not-allowlisted	-	-
EXCLUDE	scripts/validate_phase7a.sh	not-allowlisted	-	-
EXCLUDE	scripts/validate_phase7b.sh	not-allowlisted	-	-
EXCLUDE	scripts/validate_phase7ca.sh	not-allowlisted	-	-
EXCLUDE	scripts/validate_phase7cb.sh	not-allowlisted	-	-
EXCLUDE	scripts/validate_phase7cc.sh	not-allowlisted	-	-
EXCLUDE	scripts/validate_phase7cd.sh	not-allowlisted	-	-
EXCLUDE	scripts/validate_phase8_docs.sh	not-allowlisted	-	-
EXCLUDE	scripts/validate_phase8a.sh	not-allowlisted	-	-
EXCLUDE	scripts/validate_phase8b.sh	not-allowlisted	-	-
EXCLUDE	scripts/validate_phase8c.sh	not-allowlisted	-	-
EXCLUDE	scripts/validate_phase8d.sh	not-allowlisted	-	-
EXCLUDE	scripts/validate_phase8e.sh	not-allowlisted	-	-
EXCLUDE	scripts/validate_phase8f.sh	not-allowlisted	-	-
EXCLUDE	scripts/validate_phase8g.sh	not-allowlisted	-	-
EXCLUDE	scripts/validate_phase8g_postgres.sh	not-allowlisted	-	-
EXCLUDE	scripts/validate_phase9ab.sh	not-allowlisted	-	-
EXCLUDE	scripts/validate_phase9ab_postgres.sh	not-allowlisted	-	-
EXCLUDE	scripts/validate_phase9c.sh	not-allowlisted	-	-
EXCLUDE	scripts/validate_phase9c_ollama.sh	not-allowlisted	-	-
EXCLUDE	scripts/validate_phase9c_postgres.sh	not-allowlisted	-	-
EXCLUDE	scripts/validate_phase9d.sh	not-allowlisted	-	-
EXCLUDE	scripts/validate_phase9e.sh	not-allowlisted	-	-
EXCLUDE	scripts/validate_phase9e_postgres.sh	not-allowlisted	-	-
EXCLUDE	scripts/validate_phase9f.sh	not-allowlisted	-	-
EXCLUDE	scripts/validate_phase9f_postgres.sh	not-allowlisted	-	-
EXCLUDE	scripts/validate_phase9g.sh	not-allowlisted	-	-
EXCLUDE	scripts/validate_phase9g_postgres.sh	not-allowlisted	-	-
EXCLUDE	scripts/validate_phase9g_recovery.sh	not-allowlisted	-	-
EXCLUDE	testdata/clean-restart/clean-repository-import-manifest.template.json	not-allowlisted	-	-
EXCLUDE	testdata/clean-restart/fixtures/current-exact/scripts/homelab/h1-plan-tests.sh	not-allowlisted	-	-
EXCLUDE	testdata/clean-restart/fixtures/current-exact/testdata/homelab/bindings/real-ofac-bindings.v1.json	not-allowlisted	-	-
EXCLUDE	testdata/clean-restart/fixtures/current-exact/var/homelab/binding-review/binding_candidates_v2_1bc7a328177b167ffd77_20260722T171954Z/governed-selection-state.v1.json	deny-segment:var	-	-
EXCLUDE	testdata/clean-restart/fixtures/current-exact/var/homelab/evidence/binding-candidates-v2-20260722T171828Z/binding-candidates.v2.json	deny-segment:evidence	-	-
EXCLUDE	testdata/clean-restart/fixtures/current-exact/var/homelab/harness-v2/baseline-state.v1.json	deny-segment:var	-	-
EXCLUDE	testdata/clean-restart/fixtures/current-exact/var/homelab/harness-v2/provider-contract-lineage.v1.json	deny-segment:var	-	-
EXCLUDE	testdata/clean-restart/fixtures/current-exact/var/homelab/harness-v2/runtime-topology.v1.json	deny-segment:var	-	-
EXCLUDE	testdata/clean-restart/fixtures/remote-inventory.v1.json	not-allowlisted	-	-
EXCLUDE	testdata/clean-restart/r0-policy.v1.json	not-allowlisted	-	-
EXCLUDE	testdata/homelab/README.md	deny-glob:testdata/homelab/**	-	-
EXCLUDE	testdata/homelab/bindings/frozen-source-lock.v1.json	deny-glob:testdata/homelab/**	-	-
EXCLUDE	testdata/homelab/bindings/frozen-source-lock.v1.template.json	deny-glob:testdata/homelab/**	-	-
EXCLUDE	testdata/homelab/bindings/real-ofac-bindings.v1.json	deny-glob:testdata/homelab/**	-	-
EXCLUDE	testdata/homelab/bindings/real-ofac-bindings.v1.template.json	deny-glob:testdata/homelab/**	-	-
EXCLUDE	testdata/homelab/false-positive-archetypes.v1.json	deny-glob:testdata/homelab/**	-	-
EXCLUDE	testdata/homelab/fixtures/r20-real-plan-shape/executions.ndjson	deny-glob:testdata/homelab/**	-	-
EXCLUDE	testdata/homelab/fixtures/r20-real-plan-shape/summary.json	deny-glob:testdata/homelab/**	-	-
EXCLUDE	testdata/homelab/fixtures/r21-runtime-identity/captured-probes.v1.json	deny-glob:testdata/homelab/**	-	-
EXCLUDE	testdata/homelab/fixtures/r22-exact/scripts/homelab/h1-plan-tests.sh	deny-glob:testdata/homelab/**	-	-
EXCLUDE	testdata/homelab/fixtures/r22-exact/testdata/homelab/bindings/real-ofac-bindings.v1.json	deny-glob:testdata/homelab/**	-	-
EXCLUDE	testdata/homelab/fixtures/r22-exact/var/homelab/binding-review/binding_candidates_v2_1bc7a328177b167ffd77_20260722T171954Z/governed-selection-state.v1.json	deny-segment:var	-	-
EXCLUDE	testdata/homelab/fixtures/r22-exact/var/homelab/evidence/binding-candidates-v2-20260722T171828Z/binding-candidates.v2.json	deny-segment:evidence	-	-
EXCLUDE	testdata/homelab/fixtures/r22-exact/var/homelab/harness-v2/baseline-state.v1.json	deny-segment:var	-	-
EXCLUDE	testdata/homelab/fixtures/r22-exact/var/homelab/harness-v2/runtime-topology.v1.json	deny-segment:var	-	-
EXCLUDE	testdata/homelab/fixtures/r22-provider-contract/full-support.v1.json	deny-glob:testdata/homelab/**	-	-
EXCLUDE	testdata/homelab/fixtures/r22-provider-contract/native-only.v1.json	deny-glob:testdata/homelab/**	-	-
EXCLUDE	testdata/homelab/fixtures/r23-activation/blocked-missing-opensanctions.v1.json	deny-glob:testdata/homelab/**	-	-
EXCLUDE	testdata/homelab/fixtures/r23-activation/live-broken-source-framing.v1.json	deny-glob:testdata/homelab/**	-	-
EXCLUDE	testdata/homelab/fixtures/r23-activation/live-existing-platform-schema.v1.json	deny-glob:testdata/homelab/**	-	-
EXCLUDE	testdata/homelab/fixtures/r23-activation/live-r232-selector-failure.v1.json	deny-glob:testdata/homelab/**	-	-
EXCLUDE	testdata/homelab/fixtures/r23-activation/live-r233-stale-go-evidence-failure.v1.json	deny-glob:testdata/homelab/**	-	-
EXCLUDE	testdata/homelab/fixtures/r23-activation/live-remote-schema.v1.json	deny-glob:testdata/homelab/**	-	-
EXCLUDE	testdata/homelab/fixtures/r23-activation/probe-fail.v1.json	deny-glob:testdata/homelab/**	-	-
EXCLUDE	testdata/homelab/fixtures/r23-activation/probe-pass.v1.json	deny-glob:testdata/homelab/**	-	-
EXCLUDE	testdata/homelab/fixtures/r23-activation/ready-existing-selector.v1.json	deny-glob:testdata/homelab/**	-	-
EXCLUDE	testdata/homelab/fixtures/r23-activation/ready-patch-selector.v1.json	deny-glob:testdata/homelab/**	-	-
EXCLUDE	testdata/homelab/fixtures/r23-exact/scripts/homelab/h1-plan-tests.sh	deny-glob:testdata/homelab/**	-	-
EXCLUDE	testdata/homelab/fixtures/r23-exact/testdata/homelab/bindings/real-ofac-bindings.v1.json	deny-glob:testdata/homelab/**	-	-
EXCLUDE	testdata/homelab/fixtures/r23-exact/var/homelab/binding-review/binding_candidates_v2_1bc7a328177b167ffd77_20260722T171954Z/governed-selection-state.v1.json	deny-segment:var	-	-
EXCLUDE	testdata/homelab/fixtures/r23-exact/var/homelab/evidence/binding-candidates-v2-20260722T171828Z/binding-candidates.v2.json	deny-segment:evidence	-	-
EXCLUDE	testdata/homelab/fixtures/r23-exact/var/homelab/harness-v2/baseline-state.v1.json	deny-segment:var	-	-
EXCLUDE	testdata/homelab/fixtures/r23-exact/var/homelab/harness-v2/provider-contract-lineage.v1.json	deny-segment:var	-	-
EXCLUDE	testdata/homelab/fixtures/r23-exact/var/homelab/harness-v2/runtime-topology.v1.json	deny-segment:var	-	-
EXCLUDE	testdata/homelab/h1-execution-topology.v1.json	deny-glob:testdata/homelab/**	-	-
EXCLUDE	testdata/homelab/harness-v2/provider-activation.v1.json	deny-glob:testdata/homelab/**	-	-
EXCLUDE	testdata/homelab/harness-v2/provider-contract-discovery.v1.json	deny-glob:testdata/homelab/**	-	-
EXCLUDE	testdata/homelab/harness-v2/runtime-candidates.v1.json	deny-glob:testdata/homelab/**	-	-
EXCLUDE	testdata/homelab/harness-v2/runtime-identity-contract.v1.json	deny-glob:testdata/homelab/**	-	-
EXCLUDE	testdata/homelab/harness-v2/topology.v1.json	deny-glob:testdata/homelab/**	-	-
EXCLUDE	testdata/homelab/harness.v1.json	deny-glob:testdata/homelab/**	-	-
EXCLUDE	testdata/homelab/real-ofac-governed-selection-recommendations.v1.json	deny-glob:testdata/homelab/**	-	-
EXCLUDE	testdata/homelab/schemas/false-positive-archetypes.v1.schema.json	deny-glob:testdata/homelab/**	-	-
EXCLUDE	testdata/homelab/schemas/frozen-source-lock.v1.schema.json	deny-glob:testdata/homelab/**	-	-
EXCLUDE	testdata/homelab/schemas/real-ofac-binding-candidates.v1.schema.json	deny-glob:testdata/homelab/**	-	-
EXCLUDE	testdata/homelab/schemas/real-ofac-binding-candidates.v2.schema.json	deny-glob:testdata/homelab/**	-	-
EXCLUDE	testdata/homelab/schemas/real-ofac-bindings.v1.schema.json	deny-glob:testdata/homelab/**	-	-
EXCLUDE	testdata/homelab/schemas/real-ofac-governed-bindings.v1.schema.json	deny-glob:testdata/homelab/**	-	-
